white_y,run,final_time,final_ball_amount
42.0,0,7.441520000000001,12
42.0,0,27.59285,8
42.0,0,54.81822,4
42.0,0,156.2513,0
42.0,1,14.633960000000002,12
42.0,1,32.241530000000004,8
42.0,1,45.21678000000001,4
42.0,1,132.72889,0
42.0,2,11.39413,12
42.0,2,20.94431,8
42.0,2,71.23317,4
42.0,2,120.34546,0
42.0,3,14.12257,12
42.0,3,32.32215,8
42.0,3,56.030620000000006,4
42.0,3,212.39565,0
42.0,4,12.30075,12
42.0,4,33.190870000000004,8
42.0,4,93.69574,4
42.0,4,129.8923,0
42.0,5,16.167900000000003,12
42.0,5,40.47751,8
42.0,5,81.33073,4
42.0,5,178.77068000000003,0
42.0,6,21.83712,12
42.0,6,44.903780000000005,8
42.0,6,69.35771000000001,4
42.0,6,264.1094,0
42.0,7,21.74188,12
42.0,7,43.51941,8
42.0,7,95.46417,4
42.0,7,223.66289,0
42.0,8,26.469600000000003,12
42.0,8,52.684610000000006,8
42.0,8,90.15385,4
42.0,8,230.33726,0
42.0,9,27.10439,12
42.0,9,52.879900000000006,8
42.0,9,97.44379,4
42.0,9,513.57582,0
42.0,10,41.21753,12
42.0,10,69.54610000000001,8
42.0,10,98.37772,4
42.0,10,306.96526,0
42.0,11,20.86355,12
42.0,11,70.10353,8
42.0,11,110.23062000000002,4
42.0,11,542.8421500000001,0
42.0,12,21.38307,12
42.0,12,29.347960000000004,8
42.0,12,48.915940000000006,4
42.0,12,195.08748000000003,0
42.0,13,10.66255,12
42.0,13,36.636210000000005,8
42.0,13,84.95641,4
42.0,13,310.65407000000005,0
42.0,14,8.262160000000002,12
42.0,14,40.946940000000005,8
42.0,14,70.15309,4
42.0,14,113.508,0
42.0,15,23.58311,12
42.0,15,41.57308,8
42.0,15,82.18336000000001,4
42.0,15,286.7737,0
42.0,16,18.2013,12
42.0,16,56.72124,8
42.0,16,68.73710000000001,4
42.0,16,768.3771700000001,0
42.0,17,19.947280000000003,12
42.0,17,49.67726,8
42.0,17,148.92458000000002,4
42.0,17,464.90746,0
42.0,18,21.256670000000003,12
42.0,18,56.12941000000001,8
42.0,18,70.97116000000001,4
42.0,18,1005.94314,0
42.0,19,16.5578,12
42.0,19,23.03855,8
42.0,19,82.84772000000001,4
42.0,19,1465.4888600000002,0
42.73684210526316,0,8.97962,12
42.73684210526316,0,41.205090000000006,8
42.73684210526316,0,71.56628,4
42.73684210526316,0,322.66977,0
42.73684210526316,1,26.852670000000003,12
42.73684210526316,1,47.84835,8
42.73684210526316,1,113.27939,4
42.73684210526316,1,193.04334000000003,0
42.73684210526316,2,18.9025,12
42.73684210526316,2,42.116780000000006,8
42.73684210526316,2,80.67466,4
42.73684210526316,2,366.38048,0
42.73684210526316,3,15.823800000000002,12
42.73684210526316,3,58.514300000000006,8
42.73684210526316,3,131.94596,4
42.73684210526316,3,359.78322000000003,0
42.73684210526316,4,53.73286,12
42.73684210526316,4,69.73360000000001,8
42.73684210526316,4,94.87205,4
42.73684210526316,4,477.7719100000001,0
42.73684210526316,5,42.86746,12
42.73684210526316,5,77.3446,8
42.73684210526316,5,108.68657,4
42.73684210526316,5,413.09019,0
42.73684210526316,6,20.829310000000003,12
42.73684210526316,6,67.04019000000001,8
42.73684210526316,6,171.12249000000003,4
42.73684210526316,6,373.1688400000001,0
42.73684210526316,7,26.32963,12
42.73684210526316,7,67.05039000000001,8
42.73684210526316,7,105.9803,4
42.73684210526316,7,548.00651,0
42.73684210526316,8,26.8267,12
42.73684210526316,8,55.703790000000005,8
42.73684210526316,8,103.31498,4
42.73684210526316,8,547.9904700000001,0
42.73684210526316,9,26.06986,12
42.73684210526316,9,107.51259,8
42.73684210526316,9,134.67878000000002,4
42.73684210526316,9,719.61225,0
42.73684210526316,10,23.25204,12
42.73684210526316,10,52.83404,8
42.73684210526316,10,95.78518,4
42.73684210526316,10,304.45269,0
42.73684210526316,11,33.42324,12
42.73684210526316,11,51.95929,8
42.73684210526316,11,103.49113,4
42.73684210526316,11,169.71651000000003,0
42.73684210526316,12,33.43768,12
42.73684210526316,12,66.02372000000001,8
42.73684210526316,12,143.66824000000005,4
42.73684210526316,12,533.64232,0
42.73684210526316,13,20.32357,12
42.73684210526316,13,49.06183,8
42.73684210526316,13,96.45092,4
42.73684210526316,13,424.32436,0
42.73684210526316,14,20.06277,12
42.73684210526316,14,89.38765000000001,8
42.73684210526316,14,150.40917000000002,4
42.73684210526316,14,645.2037,0
42.73684210526316,15,21.2636,12
42.73684210526316,15,55.44733000000001,8
42.73684210526316,15,102.65177,4
42.73684210526316,15,831.9568700000001,0
42.73684210526316,16,46.06109000000001,12
42.73684210526316,16,67.05725000000001,8
42.73684210526316,16,126.89560000000002,4
42.73684210526316,16,2224.23351,0
42.73684210526316,17,37.61739,12
42.73684210526316,17,79.67321000000001,8
42.73684210526316,17,126.02069000000002,4
42.73684210526316,17,2319.96406,0
42.73684210526316,18,12.64653,12
42.73684210526316,18,51.1715,8
42.73684210526316,18,92.72653,4
42.73684210526316,18,2577.72492,0
42.73684210526316,19,12.54189,12
42.73684210526316,19,123.11767,8
42.73684210526316,19,203.07352000000003,4
42.73684210526316,19,2939.05083,0
43.473684210526315,0,14.06164,12
43.473684210526315,0,25.87553,8
43.473684210526315,0,43.76299,4
43.473684210526315,0,158.34041000000002,0
43.473684210526315,1,18.162270000000003,12
43.473684210526315,1,23.652590000000004,8
43.473684210526315,1,57.624390000000005,4
43.473684210526315,1,149.86014,0
43.473684210526315,2,18.24641,12
43.473684210526315,2,32.621950000000005,8
43.473684210526315,2,63.00838,4
43.473684210526315,2,136.19233,0
43.473684210526315,3,14.853750000000002,12
43.473684210526315,3,34.00455,8
43.473684210526315,3,75.03076,4
43.473684210526315,3,106.22936,0
43.473684210526315,4,11.97806,12
43.473684210526315,4,25.03927,8
43.473684210526315,4,52.78115,4
43.473684210526315,4,191.73382,0
43.473684210526315,5,15.80684,12
43.473684210526315,5,48.905080000000005,8
43.473684210526315,5,71.68839000000001,4
43.473684210526315,5,134.63549,0
43.473684210526315,6,23.73794,12
43.473684210526315,6,34.92985,8
43.473684210526315,6,46.25761000000001,4
43.473684210526315,6,349.59113,0
43.473684210526315,7,12.38487,12
43.473684210526315,7,22.00993,8
43.473684210526315,7,84.64483000000001,4
43.473684210526315,7,294.63534000000004,0
43.473684210526315,8,11.63144,12
43.473684210526315,8,37.35125,8
43.473684210526315,8,78.58924,4
43.473684210526315,8,331.41067000000004,0
43.473684210526315,9,11.5843,12
43.473684210526315,9,28.005810000000004,8
43.473684210526315,9,132.96359,4
43.473684210526315,9,264.18301,0
43.473684210526315,10,22.586550000000003,12
43.473684210526315,10,30.149790000000003,8
43.473684210526315,10,41.0412,4
43.473684210526315,10,114.91073000000002,0
43.473684210526315,11,17.021520000000002,12
43.473684210526315,11,25.381970000000003,8
43.473684210526315,11,50.20910000000001,4
43.473684210526315,11,128.76813,0
43.473684210526315,12,12.635280000000002,12
43.473684210526315,12,29.553310000000003,8
43.473684210526315,12,53.232310000000005,4
43.473684210526315,12,219.52920000000003,0
43.473684210526315,13,13.282050000000002,12
43.473684210526315,13,57.27516000000001,8
43.473684210526315,13,99.3876,4
43.473684210526315,13,178.51743000000002,0
43.473684210526315,14,22.321890000000003,12
43.473684210526315,14,30.582700000000003,8
43.473684210526315,14,39.49153,4
43.473684210526315,14,166.20413000000002,0
43.473684210526315,15,31.4017,12
43.473684210526315,15,82.18069000000001,8
43.473684210526315,15,128.52903,4
43.473684210526315,15,489.96027,0
43.473684210526315,16,19.36232,12
43.473684210526315,16,28.68193,8
43.473684210526315,16,96.33235,4
43.473684210526315,16,430.24778,0
43.473684210526315,17,25.01227,12
43.473684210526315,17,79.67017000000001,8
43.473684210526315,17,121.04122,4
43.473684210526315,17,621.2067400000001,0
43.473684210526315,18,20.488280000000003,12
43.473684210526315,18,35.28191,8
43.473684210526315,18,97.32257,4
43.473684210526315,18,723.2804400000001,0
43.473684210526315,19,25.58893,12
43.473684210526315,19,42.739790000000006,8
43.473684210526315,19,62.391180000000006,4
43.473684210526315,19,1021.83187,0
44.21052631578947,0,14.819250000000002,12
44.21052631578947,0,31.536430000000003,8
44.21052631578947,0,53.130790000000005,4
44.21052631578947,0,149.31047,0
44.21052631578947,1,11.74979,12
44.21052631578947,1,36.505410000000005,8
44.21052631578947,1,51.37725,4
44.21052631578947,1,133.28011,0
44.21052631578947,2,12.303450000000002,12
44.21052631578947,2,25.82477,8
44.21052631578947,2,59.432930000000006,4
44.21052631578947,2,175.31662,0
44.21052631578947,3,11.629130000000002,12
44.21052631578947,3,37.149440000000006,8
44.21052631578947,3,61.30626,4
44.21052631578947,3,253.33352,0
44.21052631578947,4,16.449160000000003,12
44.21052631578947,4,37.792440000000006,8
44.21052631578947,4,90.34295,4
44.21052631578947,4,244.91786,0
44.21052631578947,5,19.497490000000003,12
44.21052631578947,5,38.95056,8
44.21052631578947,5,61.53775,4
44.21052631578947,5,301.47665,0
44.21052631578947,6,14.31997,12
44.21052631578947,6,25.790920000000003,8
44.21052631578947,6,93.37958,4
44.21052631578947,6,359.66,0
44.21052631578947,7,11.00825,12
44.21052631578947,7,53.52083,8
44.21052631578947,7,97.52565,4
44.21052631578947,7,193.30737,0
44.21052631578947,8,18.406090000000003,12
44.21052631578947,8,31.66513,8
44.21052631578947,8,94.48085,4
44.21052631578947,8,376.06958,0
44.21052631578947,9,17.107580000000002,12
44.21052631578947,9,92.60577,8
44.21052631578947,9,143.21485,4
44.21052631578947,9,216.30519,0
44.21052631578947,10,9.45474,12
44.21052631578947,10,28.252460000000003,8
44.21052631578947,10,72.59569,4
44.21052631578947,10,730.6981300000001,0
44.21052631578947,11,11.20589,12
44.21052631578947,11,28.337740000000004,8
44.21052631578947,11,73.11636,4
44.21052631578947,11,429.25836,0
44.21052631578947,12,19.46621,12
44.21052631578947,12,31.21429,8
44.21052631578947,12,52.93666,4
44.21052631578947,12,145.52302,0
44.21052631578947,13,23.62,12
44.21052631578947,13,68.40121,8
44.21052631578947,13,109.2426,4
44.21052631578947,13,751.1170900000001,0
44.21052631578947,14,8.741670000000001,12
44.21052631578947,14,18.51961,8
44.21052631578947,14,42.78737,4
44.21052631578947,14,315.70656,0
44.21052631578947,15,21.37279,12
44.21052631578947,15,48.204530000000005,8
44.21052631578947,15,80.31884000000001,4
44.21052631578947,15,132.96421,0
44.21052631578947,16,15.96887,12
44.21052631578947,16,19.15932,8
44.21052631578947,16,60.02122000000001,4
44.21052631578947,16,590.1176700000001,0
44.21052631578947,17,24.70334,12
44.21052631578947,17,55.4748,8
44.21052631578947,17,103.83105,4
44.21052631578947,17,193.12682,0
44.21052631578947,18,14.10723,12
44.21052631578947,18,43.22578,8
44.21052631578947,18,86.84535000000001,4
44.21052631578947,18,587.17664,0
44.21052631578947,19,19.204700000000003,12
44.21052631578947,19,41.613510000000005,8
44.21052631578947,19,160.61726000000002,4
44.21052631578947,19,394.83662,0
44.94736842105263,0,10.19119,12
44.94736842105263,0,19.80591,8
44.94736842105263,0,31.17047,4
44.94736842105263,0,369.00072000000006,0
44.94736842105263,1,8.485380000000001,12
44.94736842105263,1,40.90852,8
44.94736842105263,1,88.79472000000001,4
44.94736842105263,1,152.56386,0
44.94736842105263,2,10.91294,12
44.94736842105263,2,54.542820000000006,8
44.94736842105263,2,91.71185,4
44.94736842105263,2,167.62169,0
44.94736842105263,3,16.208440000000003,12
44.94736842105263,3,33.131530000000005,8
44.94736842105263,3,58.69884,4
44.94736842105263,3,203.96580000000003,0
44.94736842105263,4,7.989190000000001,12
44.94736842105263,4,23.88294,8
44.94736842105263,4,63.99314,4
44.94736842105263,4,327.66247000000004,0
44.94736842105263,5,14.47416,12
44.94736842105263,5,30.3268,8
44.94736842105263,5,77.82466000000001,4
44.94736842105263,5,242.7609,0
44.94736842105263,6,13.19636,12
44.94736842105263,6,51.153000000000006,8
44.94736842105263,6,95.78993,4
44.94736842105263,6,198.84735,0
44.94736842105263,7,14.33731,12
44.94736842105263,7,35.38064,8
44.94736842105263,7,46.2332,4
44.94736842105263,7,542.5803400000001,0
44.94736842105263,8,10.22633,12
44.94736842105263,8,34.512620000000005,8
44.94736842105263,8,66.54263,4
44.94736842105263,8,374.88212,0
44.94736842105263,9,18.355210000000003,12
44.94736842105263,9,35.36086,8
44.94736842105263,9,149.66988,4
44.94736842105263,9,248.64547,0
44.94736842105263,10,13.82171,12
44.94736842105263,10,45.280460000000005,8
44.94736842105263,10,61.14018000000001,4
44.94736842105263,10,74.58396,0
44.94736842105263,11,13.00475,12
44.94736842105263,11,31.511820000000004,8
44.94736842105263,11,83.60873000000001,4
44.94736842105263,11,237.79251,0
44.94736842105263,12,17.51676,12
44.94736842105263,12,30.525810000000003,8
44.94736842105263,12,40.97618000000001,4
44.94736842105263,12,320.98966,0
44.94736842105263,13,17.58127,12
44.94736842105263,13,32.58238,8
44.94736842105263,13,148.16174,4
44.94736842105263,13,235.82422000000005,0
44.94736842105263,14,15.5346,12
44.94736842105263,14,55.23798000000001,8
44.94736842105263,14,140.56772,4
44.94736842105263,14,389.62867000000006,0
44.94736842105263,15,12.77735,12
44.94736842105263,15,32.671730000000004,8
44.94736842105263,15,120.30564,4
44.94736842105263,15,1301.91648,0
44.94736842105263,16,10.43597,12
44.94736842105263,16,35.118370000000006,8
44.94736842105263,16,58.39813,4
44.94736842105263,16,2295.78587,0
44.94736842105263,17,20.52199,12
44.94736842105263,17,36.56117,8
44.94736842105263,17,65.53135,4
44.94736842105263,17,1028.16756,0
44.94736842105263,18,28.21498,12
44.94736842105263,18,75.41424,8
44.94736842105263,18,113.40644,4
44.94736842105263,18,826.34243,0
44.94736842105263,19,21.582400000000003,12
44.94736842105263,19,75.95764000000001,8
44.94736842105263,19,107.42247,4
45.68421052631579,0,20.86396,12
45.68421052631579,0,27.896410000000003,8
45.68421052631579,0,41.59383,4
45.68421052631579,0,75.95939000000001,0
45.68421052631579,1,13.15149,12
45.68421052631579,1,24.70022,8
45.68421052631579,1,50.94023000000001,4
45.68421052631579,1,85.39275,0
45.68421052631579,2,15.36288,12
45.68421052631579,2,45.68701,8
45.68421052631579,2,51.321340000000006,4
45.68421052631579,2,110.36662,0
45.68421052631579,3,18.06673,12
45.68421052631579,3,25.830170000000003,8
45.68421052631579,3,62.26288,4
45.68421052631579,3,143.24879,0
45.68421052631579,4,26.62409,12
45.68421052631579,4,36.33925,8
45.68421052631579,4,51.43446,4
45.68421052631579,4,179.12354000000002,0
45.68421052631579,5,10.6661,12
45.68421052631579,5,30.566060000000004,8
45.68421052631579,5,45.04737,4
45.68421052631579,5,254.49532,0
45.68421052631579,6,25.16726,12
45.68421052631579,6,41.763200000000005,8
45.68421052631579,6,97.59358,4
45.68421052631579,6,294.77754000000004,0
45.68421052631579,7,21.77042,12
45.68421052631579,7,38.6845,8
45.68421052631579,7,109.91829,4
45.68421052631579,7,332.78897,0
45.68421052631579,8,29.34513,12
45.68421052631579,8,59.519490000000005,8
45.68421052631579,8,125.63486,4
45.68421052631579,8,334.70028,0
45.68421052631579,9,39.634620000000005,12
45.68421052631579,9,78.50768000000001,8
45.68421052631579,9,131.98608000000002,4
45.68421052631579,9,287.85691,0
45.68421052631579,10,25.404470000000003,12
45.68421052631579,10,31.48223,8
45.68421052631579,10,42.79856,4
45.68421052631579,10,145.80701000000002,0
45.68421052631579,11,17.579140000000002,12
45.68421052631579,11,27.08792,8
45.68421052631579,11,53.671870000000006,4
45.68421052631579,11,350.72173000000004,0
45.68421052631579,12,26.14785,12
45.68421052631579,12,58.17213,8
45.68421052631579,12,104.726,4
45.68421052631579,12,513.7035000000001,0
45.68421052631579,13,28.03384,12
45.68421052631579,13,51.63916,8
45.68421052631579,13,87.11728000000001,4
45.68421052631579,13,236.21769000000003,0
45.68421052631579,14,23.19472,12
45.68421052631579,14,32.88065,8
45.68421052631579,14,51.46659,4
45.68421052631579,14,250.48728000000003,0
45.68421052631579,15,26.615260000000003,12
45.68421052631579,15,53.32755,8
45.68421052631579,15,100.01321000000002,4
45.68421052631579,15,330.82293000000004,0
45.68421052631579,16,18.41872,12
45.68421052631579,16,27.679430000000004,8
45.68421052631579,16,74.11874,4
45.68421052631579,16,860.48405,0
45.68421052631579,17,31.02058,12
45.68421052631579,17,59.45474000000001,8
45.68421052631579,17,95.73722,4
45.68421052631579,17,164.04611000000003,0
45.68421052631579,18,14.17003,12
45.68421052631579,18,40.59382,8
45.68421052631579,18,120.75913,4
45.68421052631579,18,1150.3045900000002,0
45.68421052631579,19,22.40535,12
45.68421052631579,19,57.76781,8
45.68421052631579,19,142.4926,4
45.68421052631579,19,308.22065000000003,0
46.421052631578945,0,14.11178,12
46.421052631578945,0,24.46694,8
46.421052631578945,0,37.06669,4
46.421052631578945,0,128.33343000000002,0
46.421052631578945,1,13.17792,12
46.421052631578945,1,41.538050000000005,8
46.421052631578945,1,63.15927000000001,4
46.421052631578945,1,119.4179,0
46.421052631578945,2,18.33562,12
46.421052631578945,2,32.68276,8
46.421052631578945,2,62.94527000000001,4
46.421052631578945,2,116.38979,0
46.421052631578945,3,17.152430000000003,12
46.421052631578945,3,31.499720000000003,8
46.421052631578945,3,57.004270000000005,4
46.421052631578945,3,126.73148,0
46.421052631578945,4,9.90493,12
46.421052631578945,4,40.56058,8
46.421052631578945,4,64.67716,4
46.421052631578945,4,149.06251,0
46.421052631578945,5,19.16286,12
46.421052631578945,5,32.350440000000006,8
46.421052631578945,5,84.23781000000001,4
46.421052631578945,5,113.64347,0
46.421052631578945,6,14.545090000000002,12
46.421052631578945,6,40.20619000000001,8
46.421052631578945,6,46.12021000000001,4
46.421052631578945,6,316.31027,0
46.421052631578945,7,13.79151,12
46.421052631578945,7,28.744740000000004,8
46.421052631578945,7,62.07204000000001,4
46.421052631578945,7,247.63772000000003,0
46.421052631578945,8,15.405820000000002,12
46.421052631578945,8,25.535870000000003,8
46.421052631578945,8,62.99135,4
46.421052631578945,8,308.67017000000004,0
46.421052631578945,9,9.42098,12
46.421052631578945,9,15.8012,8
46.421052631578945,9,28.24236,4
46.421052631578945,9,173.20205,0
46.421052631578945,10,14.89529,12
46.421052631578945,10,27.262850000000004,8
46.421052631578945,10,69.18726000000001,4
46.421052631578945,10,101.29548,0
46.421052631578945,11,9.01103,12
46.421052631578945,11,34.71828,8
46.421052631578945,11,72.49969,4
46.421052631578945,11,695.36499,0
46.421052631578945,12,12.470490000000002,12
46.421052631578945,12,23.11734,8
46.421052631578945,12,37.13257,4
46.421052631578945,12,153.63653000000002,0
46.421052631578945,13,16.37744,12
46.421052631578945,13,41.08409,8
46.421052631578945,13,64.76768,4
46.421052631578945,13,820.3892900000001,0
46.421052631578945,14,16.048750000000002,12
46.421052631578945,14,28.95164,8
46.421052631578945,14,77.46824000000001,4
46.421052631578945,14,177.00061000000002,0
46.421052631578945,15,14.83672,12
46.421052631578945,15,25.25513,8
46.421052631578945,15,98.47544,4
46.421052631578945,15,648.1035800000001,0
46.421052631578945,16,13.83243,12
46.421052631578945,16,30.97469,8
46.421052631578945,16,77.71641000000001,4
46.421052631578945,16,223.34962,0
46.421052631578945,17,23.277980000000003,12
46.421052631578945,17,35.337970000000006,8
46.421052631578945,17,50.993170000000006,4
46.421052631578945,17,217.11628,0
46.421052631578945,18,10.85508,12
46.421052631578945,18,56.878220000000006,8
46.421052631578945,18,89.89042,4
46.421052631578945,18,371.65188,0
46.421052631578945,19,17.63858,12
46.421052631578945,19,30.6197,8
46.421052631578945,19,116.27106,4
46.421052631578945,19,576.89427,0
47.1578947368421,0,14.547210000000002,12
47.1578947368421,0,22.122570000000003,8
47.1578947368421,0,35.795790000000004,4
47.1578947368421,0,109.07156,0
47.1578947368421,1,16.34372,12
47.1578947368421,1,29.932720000000003,8
47.1578947368421,1,42.548840000000006,4
47.1578947368421,1,181.36441,0
47.1578947368421,2,12.28188,12
47.1578947368421,2,29.56762,8
47.1578947368421,2,63.14789,4
47.1578947368421,2,131.00678000000002,0
47.1578947368421,3,15.401880000000002,12
47.1578947368421,3,32.77606,8
47.1578947368421,3,50.84864,4
47.1578947368421,3,134.89382,0
47.1578947368421,4,11.41407,12
47.1578947368421,4,25.16257,8
47.1578947368421,4,46.7679,4
47.1578947368421,4,182.64184,0
47.1578947368421,5,24.747660000000003,12
47.1578947368421,5,47.70571,8
47.1578947368421,5,63.60464,4
47.1578947368421,5,128.8905,0
47.1578947368421,6,13.432760000000002,12
47.1578947368421,6,20.76431,8
47.1578947368421,6,58.15006,4
47.1578947368421,6,235.6777,0
47.1578947368421,7,15.815220000000002,12
47.1578947368421,7,31.926780000000004,8
47.1578947368421,7,72.34714000000001,4
47.1578947368421,7,241.95474,0
47.1578947368421,8,12.55886,12
47.1578947368421,8,30.03095,8
47.1578947368421,8,73.07600000000001,4
47.1578947368421,8,221.82849,0
47.1578947368421,9,7.090820000000001,12
47.1578947368421,9,31.564450000000004,8
47.1578947368421,9,70.11153,4
47.1578947368421,9,358.74655,0
47.1578947368421,10,12.59742,12
47.1578947368421,10,37.318430000000006,8
47.1578947368421,10,68.18625,4
47.1578947368421,10,132.21980000000002,0
47.1578947368421,11,9.43079,12
47.1578947368421,11,29.328840000000003,8
47.1578947368421,11,119.64177,4
47.1578947368421,11,404.6214000000001,0
47.1578947368421,12,10.09954,12
47.1578947368421,12,34.40075,8
47.1578947368421,12,55.58934000000001,4
47.1578947368421,12,502.01299000000006,0
47.1578947368421,13,8.51458,12
47.1578947368421,13,19.05596,8
47.1578947368421,13,77.00784,4
47.1578947368421,13,152.68678,0
47.1578947368421,14,15.571130000000002,12
47.1578947368421,14,25.936670000000003,8
47.1578947368421,14,48.02029,4
47.1578947368421,14,266.24375000000003,0
47.1578947368421,15,16.61144,12
47.1578947368421,15,36.912130000000005,8
47.1578947368421,15,63.97727,4
47.1578947368421,15,234.61054,0
47.1578947368421,16,17.931900000000002,12
47.1578947368421,16,22.340380000000003,8
47.1578947368421,16,59.62901000000001,4
47.1578947368421,16,176.42132,0
47.1578947368421,17,11.18925,12
47.1578947368421,17,27.615830000000003,8
47.1578947368421,17,100.54133,4
47.1578947368421,17,737.67655,0
47.1578947368421,18,20.65631,12
47.1578947368421,18,40.75307,8
47.1578947368421,18,96.27386,4
47.1578947368421,18,477.11898,0
47.1578947368421,19,15.13435,12
47.1578947368421,19,29.799010000000003,8
47.1578947368421,19,64.46966,4
47.1578947368421,19,1269.57105,0
47.89473684210526,0,14.7884,12
47.89473684210526,0,21.49127,8
47.89473684210526,0,43.25609,4
47.89473684210526,0,233.38483,0
47.89473684210526,1,28.188740000000003,12
47.89473684210526,1,40.180040000000005,8
47.89473684210526,1,55.938300000000005,4
47.89473684210526,1,145.85167,0
47.89473684210526,2,11.36508,12
47.89473684210526,2,25.332110000000004,8
47.89473684210526,2,75.34746000000001,4
47.89473684210526,2,164.24051,0
47.89473684210526,3,15.25885,12
47.89473684210526,3,37.141630000000006,8
47.89473684210526,3,92.07089,4
47.89473684210526,3,161.67723,0
47.89473684210526,4,16.56455,12
47.89473684210526,4,43.90654000000001,8
47.89473684210526,4,79.01074000000001,4
47.89473684210526,4,376.88799000000006,0
47.89473684210526,5,13.151230000000002,12
47.89473684210526,5,51.071850000000005,8
47.89473684210526,5,95.5236,4
47.89473684210526,5,215.97942,0
47.89473684210526,6,17.10867,12
47.89473684210526,6,38.68126,8
47.89473684210526,6,70.03608000000001,4
47.89473684210526,6,547.0838600000001,0
47.89473684210526,7,21.52229,12
47.89473684210526,7,35.34521,8
47.89473684210526,7,78.75913000000001,4
47.89473684210526,7,399.41043,0
47.89473684210526,8,20.70429,12
47.89473684210526,8,47.66613,8
47.89473684210526,8,111.85381,4
47.89473684210526,8,291.70894000000004,0
47.89473684210526,9,30.53442,12
47.89473684210526,9,58.29336000000001,8
47.89473684210526,9,112.86305000000002,4
47.89473684210526,9,348.47345,0
47.89473684210526,10,10.03824,12
47.89473684210526,10,32.362280000000005,8
47.89473684210526,10,75.49467,4
47.89473684210526,10,110.20186,0
47.89473684210526,11,27.262690000000003,12
47.89473684210526,11,57.01897,8
47.89473684210526,11,137.66849000000002,4
47.89473684210526,11,472.53895000000006,0
47.89473684210526,12,23.316740000000003,12
47.89473684210526,12,41.7672,8
47.89473684210526,12,51.663450000000005,4
47.89473684210526,12,358.41632000000004,0
47.89473684210526,13,10.64755,12
47.89473684210526,13,30.666600000000003,8
47.89473684210526,13,57.136590000000005,4
47.89473684210526,13,329.64663,0
47.89473684210526,14,12.8449,12
47.89473684210526,14,23.584580000000003,8
47.89473684210526,14,32.860530000000004,4
47.89473684210526,14,204.05266,0
47.89473684210526,15,12.42562,12
47.89473684210526,15,39.92992,8
47.89473684210526,15,84.66981000000001,4
47.89473684210526,15,222.05436000000003,0
47.89473684210526,16,10.56084,12
47.89473684210526,16,25.06088,8
47.89473684210526,16,56.67045,4
47.89473684210526,16,335.14186,0
47.89473684210526,17,13.71696,12
47.89473684210526,17,32.14327,8
47.89473684210526,17,86.58671000000001,4
47.89473684210526,17,333.53074000000004,0
47.89473684210526,18,12.59612,12
47.89473684210526,18,35.33746,8
47.89473684210526,18,49.75717,4
47.89473684210526,18,3552.8143700000005,0
47.89473684210526,19,21.56583,12
47.89473684210526,19,51.04583,8
47.89473684210526,19,95.14338,4
48.63157894736842,0,14.55468,12
48.63157894736842,0,58.29523,8
48.63157894736842,0,79.30773,4
48.63157894736842,0,470.76467,0
48.63157894736842,1,14.48519,12
48.63157894736842,1,24.29934,8
48.63157894736842,1,124.72441,4
48.63157894736842,1,500.82672,0
48.63157894736842,2,6.771100000000001,12
48.63157894736842,2,53.00664,8
48.63157894736842,2,92.37736,4
48.63157894736842,2,734.59126,0
48.63157894736842,3,28.787280000000003,12
48.63157894736842,3,71.28721,8
48.63157894736842,3,127.09182,4
48.63157894736842,3,297.35556,0
48.63157894736842,4,14.40711,12
48.63157894736842,4,82.42907000000001,8
48.63157894736842,4,138.07107000000002,4
48.63157894736842,4,626.9379200000001,0
48.63157894736842,5,14.439940000000002,12
48.63157894736842,5,70.43236,8
48.63157894736842,5,144.0849,4
48.63157894736842,5,797.6961600000001,0
48.63157894736842,6,14.60193,12
48.63157894736842,6,67.16860000000001,8
48.63157894736842,6,131.88660000000002,4
48.63157894736842,6,940.63947,0
48.63157894736842,7,14.33644,12
48.63157894736842,7,68.98243000000001,8
48.63157894736842,7,150.80366,4
48.63157894736842,7,941.50665,0
48.63157894736842,8,14.443030000000002,12
48.63157894736842,8,77.97675000000001,8
48.63157894736842,8,196.77303,4
48.63157894736842,8,918.57514,0
48.63157894736842,9,14.32637,12
48.63157894736842,9,65.83009,8
48.63157894736842,9,138.42655000000002,4
48.63157894736842,9,1413.4039300000002,0
48.63157894736842,10,14.56219,12
48.63157894736842,10,90.74044,8
48.63157894736842,10,268.68568000000005,4
48.63157894736842,10,726.64553,0
48.63157894736842,11,14.38665,12
48.63157894736842,11,78.08833000000001,8
48.63157894736842,11,135.89016,4
48.63157894736842,11,373.7559700000001,0
48.63157894736842,12,14.44335,12
48.63157894736842,12,45.17206,8
48.63157894736842,12,122.20972,4
48.63157894736842,12,2442.98304,0
48.63157894736842,13,14.549930000000002,12
48.63157894736842,13,47.342220000000005,8
48.63157894736842,13,193.99759,4
48.63157894736842,13,369.5083800000001,0
48.63157894736842,14,23.158230000000003,12
48.63157894736842,14,57.8821,8
48.63157894736842,14,126.72055000000002,4
48.63157894736842,14,1015.91294,0
48.63157894736842,15,14.47769,12
48.63157894736842,15,88.94498,8
48.63157894736842,15,209.72153000000003,4
48.63157894736842,15,618.3832900000001,0
48.63157894736842,16,14.50945,12
48.63157894736842,16,61.39708,8
48.63157894736842,16,125.23449,4
48.63157894736842,16,621.19244,0
48.63157894736842,17,14.45269,12
48.63157894736842,17,83.35474,8
48.63157894736842,17,184.44329,4
48.63157894736842,17,1744.2929600000002,0
48.63157894736842,18,30.874640000000003,12
48.63157894736842,18,85.24386000000001,8
48.63157894736842,18,188.97412000000003,4
48.63157894736842,18,2269.10339,0
48.63157894736842,19,14.51282,12
48.63157894736842,19,102.32948,8
48.63157894736842,19,194.27467,4
48.63157894736842,19,2275.8732,0
49.368421052631575,0,10.93291,12
49.368421052631575,0,26.170720000000003,8
49.368421052631575,0,35.649240000000006,4
49.368421052631575,0,232.23492,0
49.368421052631575,1,10.969740000000002,12
49.368421052631575,1,26.8648,8
49.368421052631575,1,59.05836000000001,4
49.368421052631575,1,209.62849000000003,0
49.368421052631575,2,10.86724,12
49.368421052631575,2,22.63334,8
49.368421052631575,2,66.63563,4
49.368421052631575,2,255.88438,0
49.368421052631575,3,13.96545,12
49.368421052631575,3,26.52425,8
49.368421052631575,3,71.91764,4
49.368421052631575,3,161.83733,0
49.368421052631575,4,20.06118,12
49.368421052631575,4,34.23771,8
49.368421052631575,4,72.22467,4
49.368421052631575,4,235.0259,0
49.368421052631575,5,14.13863,12
49.368421052631575,5,20.63181,8
49.368421052631575,5,46.510290000000005,4
49.368421052631575,5,271.84313000000003,0
49.368421052631575,6,12.04736,12
49.368421052631575,6,28.51368,8
49.368421052631575,6,39.962900000000005,4
49.368421052631575,6,526.27859,0
49.368421052631575,7,20.15284,12
49.368421052631575,7,36.755120000000005,8
49.368421052631575,7,79.31713,4
49.368421052631575,7,291.68526,0
49.368421052631575,8,11.01588,12
49.368421052631575,8,33.846720000000005,8
49.368421052631575,8,78.19066000000001,4
49.368421052631575,8,390.66928,0
49.368421052631575,9,13.51343,12
49.368421052631575,9,34.68786,8
49.368421052631575,9,84.1534,4
49.368421052631575,9,855.8112000000001,0
49.368421052631575,10,15.447260000000002,12
49.368421052631575,10,40.43222,8
49.368421052631575,10,58.19951,4
49.368421052631575,10,423.37013,0
49.368421052631575,11,13.242910000000002,12
49.368421052631575,11,45.19227,8
49.368421052631575,11,74.36705,4
49.368421052631575,11,205.11577000000003,0
49.368421052631575,12,17.56867,12
49.368421052631575,12,45.516560000000005,8
49.368421052631575,12,130.24611000000002,4
49.368421052631575,12,390.94625,0
49.368421052631575,13,19.94357,12
49.368421052631575,13,33.611830000000005,8
49.368421052631575,13,88.61483000000001,4
49.368421052631575,13,557.0623,0
49.368421052631575,14,22.21457,12
49.368421052631575,14,37.77922,8
49.368421052631575,14,58.99185000000001,4
49.368421052631575,14,1039.6365500000002,0
49.368421052631575,15,17.11492,12
49.368421052631575,15,32.82208,8
49.368421052631575,15,53.52357000000001,4
49.368421052631575,15,1766.0385500000002,0
49.368421052631575,16,14.42612,12
49.368421052631575,16,18.846400000000003,8
49.368421052631575,16,67.09579000000001,4
49.368421052631575,16,2118.57215,0
49.368421052631575,17,13.12335,12
49.368421052631575,17,33.5625,8
49.368421052631575,17,70.15764,4
49.368421052631575,17,854.64502,0
49.368421052631575,18,34.36609,12
49.368421052631575,18,63.829800000000006,8
49.368421052631575,18,153.58155000000002,4
49.368421052631575,18,670.48292,0
49.368421052631575,19,10.884720000000002,12
49.368421052631575,19,43.14722,8
49.368421052631575,19,152.75894000000002,4
50.10526315789474,0,17.928140000000003,12
50.10526315789474,0,41.071250000000006,8
50.10526315789474,0,86.167,4
50.10526315789474,0,121.0733,0
50.10526315789474,1,27.821910000000003,12
50.10526315789474,1,40.61929000000001,8
50.10526315789474,1,65.32509,4
50.10526315789474,1,138.84691,0
50.10526315789474,2,16.374180000000003,12
50.10526315789474,2,30.442280000000004,8
50.10526315789474,2,75.17247,4
50.10526315789474,2,141.28140000000002,0
50.10526315789474,3,10.09092,12
50.10526315789474,3,39.171600000000005,8
50.10526315789474,3,114.65408,4
50.10526315789474,3,206.0194,0
50.10526315789474,4,28.21545,12
50.10526315789474,4,58.55629,8
50.10526315789474,4,73.05235,4
50.10526315789474,4,126.43437000000002,0
50.10526315789474,5,13.86029,12
50.10526315789474,5,33.35061,8
50.10526315789474,5,51.00068,4
50.10526315789474,5,467.3549200000001,0
50.10526315789474,6,14.149820000000002,12
50.10526315789474,6,32.99701,8
50.10526315789474,6,115.44105,4
50.10526315789474,6,221.30775000000003,0
50.10526315789474,7,30.17562,12
50.10526315789474,7,61.579510000000006,8
50.10526315789474,7,93.35565,4
50.10526315789474,7,204.37452,0
50.10526315789474,8,20.18519,12
50.10526315789474,8,38.19264,8
50.10526315789474,8,91.77392,4
50.10526315789474,8,288.15913,0
50.10526315789474,9,20.79015,12
50.10526315789474,9,49.09497,8
50.10526315789474,9,120.70908,4
50.10526315789474,9,416.7480000000001,0
50.10526315789474,10,27.50418,12
50.10526315789474,10,44.729400000000005,8
50.10526315789474,10,80.42302000000001,4
50.10526315789474,10,515.39196,0
50.10526315789474,11,18.96741,12
50.10526315789474,11,25.82515,8
50.10526315789474,11,57.820310000000006,4
50.10526315789474,11,153.38976000000002,0
50.10526315789474,12,17.95539,12
50.10526315789474,12,32.40755,8
50.10526315789474,12,60.91205000000001,4
50.10526315789474,12,128.55016,0
50.10526315789474,13,12.898740000000002,12
50.10526315789474,13,43.01921,8
50.10526315789474,13,49.581010000000006,4
50.10526315789474,13,121.76019,0
50.10526315789474,14,9.68124,12
50.10526315789474,14,52.70698,8
50.10526315789474,14,159.35875,4
50.10526315789474,14,449.85649000000006,0
50.10526315789474,15,22.08656,12
50.10526315789474,15,43.2449,8
50.10526315789474,15,95.69641,4
50.10526315789474,15,860.6294600000001,0
50.10526315789474,16,9.09119,12
50.10526315789474,16,28.57196,8
50.10526315789474,16,61.36299,4
50.10526315789474,16,2076.19912,0
50.10526315789474,17,16.208450000000003,12
50.10526315789474,17,49.61355,8
50.10526315789474,17,117.74256,4
50.10526315789474,17,576.4002800000001,0
50.10526315789474,18,31.49489,12
50.10526315789474,18,82.53587,8
50.10526315789474,18,111.04649,4
50.10526315789474,18,454.51449,0
50.10526315789474,19,12.64482,12
50.10526315789474,19,32.733180000000004,8
50.10526315789474,19,72.92647000000001,4
50.10526315789474,19,4160.4926700000005,0
50.84210526315789,0,14.45104,12
50.84210526315789,0,17.364970000000003,8
50.84210526315789,0,34.696450000000006,4
50.84210526315789,0,146.39574000000002,0
50.84210526315789,1,11.10691,12
50.84210526315789,1,20.78657,8
50.84210526315789,1,68.01008,4
50.84210526315789,1,125.31935,0
50.84210526315789,2,17.9417,12
50.84210526315789,2,28.82589,8
50.84210526315789,2,48.56685,4
50.84210526315789,2,214.19804,0
50.84210526315789,3,16.844250000000002,12
50.84210526315789,3,36.5658,8
50.84210526315789,3,73.57530000000001,4
50.84210526315789,3,119.35325,0
50.84210526315789,4,16.80748,12
50.84210526315789,4,34.0353,8
50.84210526315789,4,77.56432000000001,4
50.84210526315789,4,195.95041,0
50.84210526315789,5,19.449520000000003,12
50.84210526315789,5,50.28175,8
50.84210526315789,5,90.48095,4
50.84210526315789,5,155.79755,0
50.84210526315789,6,16.45323,12
50.84210526315789,6,30.548810000000003,8
50.84210526315789,6,81.82943,4
50.84210526315789,6,250.43595,0
50.84210526315789,7,19.720640000000003,12
50.84210526315789,7,72.1106,8
50.84210526315789,7,94.11474,4
50.84210526315789,7,158.50488,0
50.84210526315789,8,21.36674,12
50.84210526315789,8,38.449540000000006,8
50.84210526315789,8,82.97306,4
50.84210526315789,8,575.9923200000001,0
50.84210526315789,9,14.67022,12
50.84210526315789,9,53.65008,8
50.84210526315789,9,72.24022000000001,4
50.84210526315789,9,109.38991,0
50.84210526315789,10,14.97496,12
50.84210526315789,10,31.55935,8
50.84210526315789,10,51.81588000000001,4
50.84210526315789,10,124.99116,0
50.84210526315789,11,12.01298,12
50.84210526315789,11,35.597640000000006,8
50.84210526315789,11,71.15603,4
50.84210526315789,11,777.7138900000001,0
50.84210526315789,12,11.13597,12
50.84210526315789,12,23.815060000000003,8
50.84210526315789,12,38.16277,4
50.84210526315789,12,73.78765,0
50.84210526315789,13,14.767740000000002,12
50.84210526315789,13,40.21271,8
50.84210526315789,13,81.44823000000001,4
50.84210526315789,13,380.6381,0
50.84210526315789,14,26.460680000000004,12
50.84210526315789,14,63.3659,8
50.84210526315789,14,111.27666,4
50.84210526315789,14,471.85885,0
50.84210526315789,15,16.2569,12
50.84210526315789,15,39.90576,8
50.84210526315789,15,91.35601,4
50.84210526315789,15,175.64473,0
50.84210526315789,16,14.143770000000002,12
50.84210526315789,16,56.618930000000006,8
50.84210526315789,16,107.6662,4
50.84210526315789,16,230.86659000000003,0
50.84210526315789,17,13.032750000000002,12
50.84210526315789,17,30.845810000000004,8
50.84210526315789,17,57.03835,4
50.84210526315789,17,411.91798000000006,0
50.84210526315789,18,15.97943,12
50.84210526315789,18,39.16647,8
50.84210526315789,18,88.08003000000001,4
50.84210526315789,18,405.5403500000001,0
50.84210526315789,19,22.77163,12
50.84210526315789,19,31.278270000000003,8
50.84210526315789,19,106.8754,4
50.84210526315789,19,3234.5618200000004,0
51.578947368421055,0,26.68397,12
51.578947368421055,0,36.62328,8
51.578947368421055,0,79.52404000000001,4
51.578947368421055,0,278.35995,0
51.578947368421055,1,27.92749,12
51.578947368421055,1,64.27369,8
51.578947368421055,1,110.43295,4
51.578947368421055,1,421.76823,0
51.578947368421055,2,40.92929,12
51.578947368421055,2,109.2278,8
51.578947368421055,2,124.27612,4
51.578947368421055,2,447.97986,0
51.578947368421055,3,27.324420000000003,12
51.578947368421055,3,59.222910000000006,8
51.578947368421055,3,132.95914000000002,4
51.578947368421055,3,497.05202,0
51.578947368421055,4,18.11587,12
51.578947368421055,4,31.752740000000003,8
51.578947368421055,4,252.17163,4
51.578947368421055,4,318.48983000000004,0
51.578947368421055,5,27.956280000000003,12
51.578947368421055,5,44.74250000000001,8
51.578947368421055,5,89.94849,4
51.578947368421055,5,723.6874200000001,0
51.578947368421055,6,24.8459,12
51.578947368421055,6,47.21640000000001,8
51.578947368421055,6,141.57028000000005,4
51.578947368421055,6,581.9380100000001,0
51.578947368421055,7,11.302510000000002,12
51.578947368421055,7,82.02065,8
51.578947368421055,7,149.18831,4
51.578947368421055,7,683.8416500000001,0
51.578947368421055,8,25.16571,12
51.578947368421055,8,64.10698000000001,8
51.578947368421055,8,318.98069000000004,4
51.578947368421055,8,591.86111,0
51.578947368421055,9,27.849030000000003,12
51.578947368421055,9,44.830670000000005,8
51.578947368421055,9,108.0468,4
51.578947368421055,9,236.43305,0
51.578947368421055,10,27.24274,12
51.578947368421055,10,66.90061,8
51.578947368421055,10,100.27215,4
51.578947368421055,10,1726.0802500000002,0
51.578947368421055,11,19.96517,12
51.578947368421055,11,90.98084,8
51.578947368421055,11,140.01687,4
51.578947368421055,11,907.82718,0
51.578947368421055,12,44.10463,12
51.578947368421055,12,79.2025,8
51.578947368421055,12,168.40181,4
51.578947368421055,12,463.9133000000001,0
51.578947368421055,13,18.112920000000003,12
51.578947368421055,13,62.11177000000001,8
51.578947368421055,13,118.48879,4
51.578947368421055,13,353.91519000000005,0
51.578947368421055,14,40.59826,12
51.578947368421055,14,70.78125,8
51.578947368421055,14,98.4164,4
51.578947368421055,14,672.9896600000001,0
51.578947368421055,15,29.534,12
51.578947368421055,15,56.716820000000006,8
51.578947368421055,15,113.27696,4
51.578947368421055,15,1008.46891,0
51.578947368421055,16,21.785680000000003,12
51.578947368421055,16,42.530440000000006,8
51.578947368421055,16,121.22111,4
51.578947368421055,16,2338.5807,0
51.578947368421055,17,28.538380000000004,12
51.578947368421055,17,55.75874,8
51.578947368421055,17,134.74764000000002,4
51.578947368421055,17,4564.20788,0
51.578947368421055,18,16.9971,12
51.578947368421055,18,39.91921000000001,8
51.578947368421055,18,74.83543,4
51.578947368421055,18,8236.610040000001,0
51.578947368421055,19,20.13912,12
51.578947368421055,19,67.56219,8
51.578947368421055,19,80.30889,4
51.578947368421055,19,8672.337140000001,0
52.31578947368421,0,12.4311,12
52.31578947368421,0,28.930080000000004,8
52.31578947368421,0,46.90708,4
52.31578947368421,0,116.63269,0
52.31578947368421,1,25.96589,12
52.31578947368421,1,48.33146000000001,8
52.31578947368421,1,56.093630000000005,4
52.31578947368421,1,111.98853,0
52.31578947368421,2,10.76205,12
52.31578947368421,2,29.021,8
52.31578947368421,2,44.662850000000006,4
52.31578947368421,2,190.55534000000003,0
52.31578947368421,3,15.69287,12
52.31578947368421,3,29.34286,8
52.31578947368421,3,55.58905000000001,4
52.31578947368421,3,292.18705,0
52.31578947368421,4,20.04211,12
52.31578947368421,4,34.72816,8
52.31578947368421,4,66.00144,4
52.31578947368421,4,190.85115,0
52.31578947368421,5,10.05995,12
52.31578947368421,5,28.803510000000003,8
52.31578947368421,5,111.72348,4
52.31578947368421,5,162.61201000000003,0
52.31578947368421,6,17.77619,12
52.31578947368421,6,42.290890000000005,8
52.31578947368421,6,81.77706,4
52.31578947368421,6,168.89375,0
52.31578947368421,7,13.65948,12
52.31578947368421,7,38.62557,8
52.31578947368421,7,72.08542,4
52.31578947368421,7,395.4651,0
52.31578947368421,8,29.588310000000003,12
52.31578947368421,8,41.909220000000005,8
52.31578947368421,8,101.43719000000002,4
52.31578947368421,8,203.20117,0
52.31578947368421,9,14.1536,12
52.31578947368421,9,48.63808,8
52.31578947368421,9,91.24237,4
52.31578947368421,9,272.97696,0
52.31578947368421,10,16.562240000000003,12
52.31578947368421,10,39.71497,8
52.31578947368421,10,71.36955,4
52.31578947368421,10,297.32491000000005,0
52.31578947368421,11,19.450190000000003,12
52.31578947368421,11,32.3928,8
52.31578947368421,11,64.60196,4
52.31578947368421,11,103.66708,0
52.31578947368421,12,12.86087,12
52.31578947368421,12,24.39268,8
52.31578947368421,12,69.90422000000001,4
52.31578947368421,12,242.16703,0
52.31578947368421,13,25.56922,12
52.31578947368421,13,33.51513,8
52.31578947368421,13,64.76758000000001,4
52.31578947368421,13,156.8283,0
52.31578947368421,14,9.67625,12
52.31578947368421,14,43.083470000000005,8
52.31578947368421,14,79.60743000000001,4
52.31578947368421,14,164.77445,0
52.31578947368421,15,10.75744,12
52.31578947368421,15,30.54914,8
52.31578947368421,15,78.99629,4
52.31578947368421,15,217.72043,0
52.31578947368421,16,6.4836800000000006,12
52.31578947368421,16,16.53359,8
52.31578947368421,16,71.53602000000001,4
52.31578947368421,16,448.53009,0
52.31578947368421,17,12.18995,12
52.31578947368421,17,35.21864,8
52.31578947368421,17,55.21385000000001,4
52.31578947368421,17,251.76730000000003,0
52.31578947368421,18,21.701600000000003,12
52.31578947368421,18,46.9309,8
52.31578947368421,18,74.73393,4
52.31578947368421,18,1808.55215,0
52.31578947368421,19,16.55149,12
52.31578947368421,19,42.42603,8
52.31578947368421,19,138.18996,4
52.31578947368421,19,1320.9880400000002,0
53.05263157894737,0,15.65988,12
53.05263157894737,0,22.45651,8
53.05263157894737,0,36.8344,4
53.05263157894737,0,68.63259000000001,0
53.05263157894737,1,11.039840000000002,12
53.05263157894737,1,25.570120000000003,8
53.05263157894737,1,63.357800000000005,4
53.05263157894737,1,170.55064000000002,0
53.05263157894737,2,16.234270000000002,12
53.05263157894737,2,26.56206,8
53.05263157894737,2,62.13137,4
53.05263157894737,2,150.09717,0
53.05263157894737,3,20.70345,12
53.05263157894737,3,43.11157,8
53.05263157894737,3,57.06293,4
53.05263157894737,3,96.22569,0
53.05263157894737,4,17.75664,12
53.05263157894737,4,25.66673,8
53.05263157894737,4,58.008120000000005,4
53.05263157894737,4,150.88935,0
53.05263157894737,5,18.83527,12
53.05263157894737,5,21.93436,8
53.05263157894737,5,44.15614,4
53.05263157894737,5,277.69176000000004,0
53.05263157894737,6,9.18846,12
53.05263157894737,6,35.19243,8
53.05263157894737,6,82.14035000000001,4
53.05263157894737,6,207.20105,0
53.05263157894737,7,14.63093,12
53.05263157894737,7,31.494370000000004,8
53.05263157894737,7,79.54485000000001,4
53.05263157894737,7,357.13392000000005,0
53.05263157894737,8,26.0222,12
53.05263157894737,8,36.68869,8
53.05263157894737,8,69.86967,4
53.05263157894737,8,459.52085000000005,0
53.05263157894737,9,19.936850000000003,12
53.05263157894737,9,37.61742,8
53.05263157894737,9,55.94827000000001,4
53.05263157894737,9,130.64311,0
53.05263157894737,10,15.746940000000002,12
53.05263157894737,10,43.170460000000006,8
53.05263157894737,10,63.899730000000005,4
53.05263157894737,10,181.11112000000003,0
53.05263157894737,11,11.15765,12
53.05263157894737,11,38.9682,8
53.05263157894737,11,107.78223,4
53.05263157894737,11,674.2368700000001,0
53.05263157894737,12,25.1901,12
53.05263157894737,12,55.75187,8
53.05263157894737,12,71.04911,4
53.05263157894737,12,210.36463,0
53.05263157894737,13,29.63434,12
53.05263157894737,13,53.63223000000001,8
53.05263157894737,13,72.25746000000001,4
53.05263157894737,13,178.74279,0
53.05263157894737,14,24.0084,12
53.05263157894737,14,49.97433,8
53.05263157894737,14,64.33933,4
53.05263157894737,14,454.48628,0
53.05263157894737,15,17.295530000000003,12
53.05263157894737,15,27.005730000000003,8
53.05263157894737,15,110.46542,4
53.05263157894737,15,398.29249,0
53.05263157894737,16,15.909900000000002,12
53.05263157894737,16,32.57643,8
53.05263157894737,16,106.11933,4
53.05263157894737,16,210.54255,0
53.05263157894737,17,14.992860000000002,12
53.05263157894737,17,49.56054,8
53.05263157894737,17,127.60818,4
53.05263157894737,17,1942.08975,0
53.05263157894737,18,15.217100000000002,12
53.05263157894737,18,73.97611,8
53.05263157894737,18,119.39596000000002,4
53.05263157894737,18,2359.41316,0
53.05263157894737,19,14.004500000000002,12
53.05263157894737,19,37.16091,8
53.05263157894737,19,113.2649,4
53.05263157894737,19,4533.9190100000005,0
53.78947368421053,0,10.91792,12
53.78947368421053,0,24.4432,8
53.78947368421053,0,37.33804000000001,4
53.78947368421053,0,133.17852000000002,0
53.78947368421053,1,9.43836,12
53.78947368421053,1,26.279560000000004,8
53.78947368421053,1,40.66517,4
53.78947368421053,1,120.77892,0
53.78947368421053,2,14.03595,12
53.78947368421053,2,26.28743,8
53.78947368421053,2,50.15778,4
53.78947368421053,2,125.24945,0
53.78947368421053,3,17.00926,12
53.78947368421053,3,37.675520000000006,8
53.78947368421053,3,73.24085000000001,4
53.78947368421053,3,178.90692,0
53.78947368421053,4,14.09053,12
53.78947368421053,4,20.728160000000003,8
53.78947368421053,4,65.67317,4
53.78947368421053,4,218.10581,0
53.78947368421053,5,15.422860000000002,12
53.78947368421053,5,33.52839,8
53.78947368421053,5,46.137690000000006,4
53.78947368421053,5,291.13398,0
53.78947368421053,6,8.040500000000002,12
53.78947368421053,6,37.586740000000006,8
53.78947368421053,6,49.593140000000005,4
53.78947368421053,6,502.25764,0
53.78947368421053,7,14.813490000000002,12
53.78947368421053,7,29.062490000000004,8
53.78947368421053,7,62.72072000000001,4
53.78947368421053,7,396.59898,0
53.78947368421053,8,15.968930000000002,12
53.78947368421053,8,27.74826,8
53.78947368421053,8,73.40934,4
53.78947368421053,8,272.72185,0
53.78947368421053,9,14.90769,12
53.78947368421053,9,39.40755,8
53.78947368421053,9,66.79229000000001,4
53.78947368421053,9,516.22598,0
53.78947368421053,10,13.703550000000002,12
53.78947368421053,10,27.0803,8
53.78947368421053,10,64.06041,4
53.78947368421053,10,735.26548,0
53.78947368421053,11,15.56469,12
53.78947368421053,11,37.16124000000001,8
53.78947368421053,11,68.34747,4
53.78947368421053,11,291.71678,0
53.78947368421053,12,8.061290000000001,12
53.78947368421053,12,14.36366,8
53.78947368421053,12,127.90327,4
53.78947368421053,12,222.49315,0
53.78947368421053,13,17.644180000000002,12
53.78947368421053,13,25.822930000000003,8
53.78947368421053,13,111.66941,4
53.78947368421053,13,187.61346,0
53.78947368421053,14,17.938360000000003,12
53.78947368421053,14,37.2621,8
53.78947368421053,14,52.37906,4
53.78947368421053,14,296.41358,0
53.78947368421053,15,24.986960000000003,12
53.78947368421053,15,47.12425,8
53.78947368421053,15,87.14038000000001,4
53.78947368421053,15,864.13417,0
53.78947368421053,16,14.86849,12
53.78947368421053,16,25.02546,8
53.78947368421053,16,81.64141000000001,4
53.78947368421053,16,172.06408000000002,0
53.78947368421053,17,17.46854,12
53.78947368421053,17,32.1096,8
53.78947368421053,17,65.76101,4
53.78947368421053,17,183.29181000000003,0
53.78947368421053,18,21.364970000000003,12
53.78947368421053,18,70.78554000000001,8
53.78947368421053,18,110.39841,4
53.78947368421053,18,279.55711,0
53.78947368421053,19,32.28513,12
53.78947368421053,19,62.08653,8
53.78947368421053,19,109.19452,4
53.78947368421053,19,645.0852100000001,0
54.526315789473685,0,18.883080000000003,12
54.526315789473685,0,35.656220000000005,8
54.526315789473685,0,44.740080000000006,4
54.526315789473685,0,120.84413,0
54.526315789473685,1,18.09998,12
54.526315789473685,1,36.19754,8
54.526315789473685,1,60.23397000000001,4
54.526315789473685,1,121.13286,0
54.526315789473685,2,14.367,12
54.526315789473685,2,33.4598,8
54.526315789473685,2,39.10777,4
54.526315789473685,2,228.50899,0
54.526315789473685,3,24.303690000000003,12
54.526315789473685,3,36.35265,8
54.526315789473685,3,59.60448,4
54.526315789473685,3,192.29265,0
54.526315789473685,4,23.964740000000003,12
54.526315789473685,4,38.84029,8
54.526315789473685,4,72.22,4
54.526315789473685,4,140.11641,0
54.526315789473685,5,12.469690000000002,12
54.526315789473685,5,49.135160000000006,8
54.526315789473685,5,75.30263000000001,4
54.526315789473685,5,321.62271000000004,0
54.526315789473685,6,9.36051,12
54.526315789473685,6,32.5465,8
54.526315789473685,6,67.22452000000001,4
54.526315789473685,6,379.28703,0
54.526315789473685,7,24.57673,12
54.526315789473685,7,43.10909,8
54.526315789473685,7,89.55107000000001,4
54.526315789473685,7,403.69823,0
54.526315789473685,8,23.15614,12
54.526315789473685,8,35.221560000000004,8
54.526315789473685,8,44.494240000000005,4
54.526315789473685,8,205.56563000000003,0
54.526315789473685,9,17.501540000000002,12
54.526315789473685,9,27.281270000000003,8
54.526315789473685,9,47.05368000000001,4
54.526315789473685,9,284.29444,0
54.526315789473685,10,13.07678,12
54.526315789473685,10,27.77446,8
54.526315789473685,10,84.97857,4
54.526315789473685,10,215.45625,0
54.526315789473685,11,9.8982,12
54.526315789473685,11,20.24433,8
54.526315789473685,11,41.668510000000005,4
54.526315789473685,11,520.8196800000001,0
54.526315789473685,12,11.35031,12
54.526315789473685,12,27.480580000000003,8
54.526315789473685,12,108.97832,4
54.526315789473685,12,188.95550000000003,0
54.526315789473685,13,10.9065,12
54.526315789473685,13,24.10939,8
54.526315789473685,13,92.95873,4
54.526315789473685,13,386.82316,0
54.526315789473685,14,20.42629,12
54.526315789473685,14,61.18076000000001,8
54.526315789473685,14,124.12250000000002,4
54.526315789473685,14,1394.5779000000002,0
54.526315789473685,15,26.27015,12
54.526315789473685,15,37.57256,8
54.526315789473685,15,103.93073,4
54.526315789473685,15,173.69214000000002,0
54.526315789473685,16,11.29208,12
54.526315789473685,16,48.07513,8
54.526315789473685,16,71.17876000000001,4
54.526315789473685,16,660.54219,0
54.526315789473685,17,8.830250000000001,12
54.526315789473685,17,49.946070000000006,8
54.526315789473685,17,86.99221,4
54.526315789473685,17,2138.81624,0
54.526315789473685,18,19.436850000000003,12
54.526315789473685,18,26.96663,8
54.526315789473685,18,93.23497,4
54.526315789473685,18,2569.3119800000004,0
54.526315789473685,19,10.02162,12
54.526315789473685,19,27.61791,8
54.526315789473685,19,144.80349,4
55.26315789473684,0,6.893860000000001,12
55.26315789473684,0,27.38043,8
55.26315789473684,0,63.33004,4
55.26315789473684,0,171.62423,0
55.26315789473684,1,7.62884,12
55.26315789473684,1,19.839540000000003,8
55.26315789473684,1,61.484640000000006,4
55.26315789473684,1,308.67962,0
55.26315789473684,2,15.877,12
55.26315789473684,2,23.67141,8
55.26315789473684,2,63.457600000000006,4
55.26315789473684,2,217.4939,0
55.26315789473684,3,13.205190000000002,12
55.26315789473684,3,40.268080000000005,8
55.26315789473684,3,93.42526,4
55.26315789473684,3,190.42485,0
55.26315789473684,4,19.88143,12
55.26315789473684,4,26.05964,8
55.26315789473684,4,71.37729,4
55.26315789473684,4,314.82829000000004,0
55.26315789473684,5,22.66578,12
55.26315789473684,5,43.947970000000005,8
55.26315789473684,5,93.56459,4
55.26315789473684,5,184.98471,0
55.26315789473684,6,9.13068,12
55.26315789473684,6,29.862800000000004,8
55.26315789473684,6,112.43421,4
55.26315789473684,6,260.0285,0
55.26315789473684,7,7.793450000000001,12
55.26315789473684,7,20.00985,8
55.26315789473684,7,65.82010000000001,4
55.26315789473684,7,330.63057000000003,0
55.26315789473684,8,13.74162,12
55.26315789473684,8,23.91399,8
55.26315789473684,8,77.34681,4
55.26315789473684,8,363.61938,0
55.26315789473684,9,10.794440000000002,12
55.26315789473684,9,38.12368,8
55.26315789473684,9,102.71082,4
55.26315789473684,9,411.37515,0
55.26315789473684,10,17.424020000000002,12
55.26315789473684,10,30.079220000000003,8
55.26315789473684,10,47.584950000000006,4
55.26315789473684,10,66.71883000000001,0
55.26315789473684,11,7.57469,12
55.26315789473684,11,43.31017000000001,8
55.26315789473684,11,53.79703000000001,4
55.26315789473684,11,177.41618000000005,0
55.26315789473684,12,7.36486,12
55.26315789473684,12,32.962920000000004,8
55.26315789473684,12,54.61287000000001,4
55.26315789473684,12,204.52272,0
55.26315789473684,13,6.5694300000000005,12
55.26315789473684,13,25.490070000000003,8
55.26315789473684,13,75.49180000000001,4
55.26315789473684,13,163.48690000000002,0
55.26315789473684,14,7.40298,12
55.26315789473684,14,21.22025,8
55.26315789473684,14,47.83304,4
55.26315789473684,14,182.36407000000003,0
55.26315789473684,15,7.58135,12
55.26315789473684,15,45.80103,8
55.26315789473684,15,75.21986000000001,4
55.26315789473684,15,154.2896,0
55.26315789473684,16,16.993290000000002,12
55.26315789473684,16,34.943630000000006,8
55.26315789473684,16,46.160120000000006,4
55.26315789473684,16,336.43384000000003,0
55.26315789473684,17,23.12414,12
55.26315789473684,17,40.29900000000001,8
55.26315789473684,17,60.55882,4
55.26315789473684,17,253.97266,0
55.26315789473684,18,18.23093,12
55.26315789473684,18,35.6983,8
55.26315789473684,18,57.501430000000006,4
55.26315789473684,18,2367.08989,0
55.26315789473684,19,13.61072,12
55.26315789473684,19,51.72679,8
55.26315789473684,19,114.99223,4
55.26315789473684,19,5622.0125100000005,0
56.0,0,14.51475,12
56.0,0,20.885060000000003,8
56.0,0,94.19242,4
56.0,0,135.6524,0
56.0,1,21.3058,12
56.0,1,44.14779,8
56.0,1,84.25063,4
56.0,1,145.6674,0
56.0,2,11.945060000000002,12
56.0,2,28.224400000000003,8
56.0,2,64.88228000000001,4
56.0,2,231.56129,0
56.0,3,11.8944,12
56.0,3,37.80093,8
56.0,3,89.89642,4
56.0,3,252.50950000000003,0
56.0,4,10.54504,12
56.0,4,49.9551,8
56.0,4,78.75975000000001,4
56.0,4,197.23208,0
56.0,5,14.36326,12
56.0,5,32.24287,8
56.0,5,75.72077,4
56.0,5,372.12725,0
56.0,6,17.329420000000002,12
56.0,6,47.444320000000005,8
56.0,6,87.46235,4
56.0,6,288.1431,0
56.0,7,26.73741,12
56.0,7,41.13813,8
56.0,7,63.410070000000005,4
56.0,7,470.45888,0
56.0,8,14.942940000000002,12
56.0,8,32.34432,8
56.0,8,77.91205000000001,4
56.0,8,326.05216,0
56.0,9,6.8833,12
56.0,9,15.65875,8
56.0,9,32.464800000000004,4
56.0,9,968.44868,0
56.0,10,6.871390000000001,12
56.0,10,22.017010000000003,8
56.0,10,56.21764,4
56.0,10,171.24888,0
56.0,11,12.03267,12
56.0,11,26.16909,8
56.0,11,52.015260000000005,4
56.0,11,830.26417,0
56.0,12,16.03247,12
56.0,12,32.334520000000005,8
56.0,12,96.32817,4
56.0,12,211.08642,0
56.0,13,11.05848,12
56.0,13,44.288410000000006,8
56.0,13,91.23757,4
56.0,13,427.5654300000001,0
56.0,14,10.4807,12
56.0,14,20.73314,8
56.0,14,100.90937,4
56.0,14,366.89612000000005,0
56.0,15,9.16018,12
56.0,15,20.177750000000003,8
56.0,15,86.97741,4
56.0,15,546.0991,0
56.0,16,19.79399,12
56.0,16,44.62774,8
56.0,16,83.54351000000001,4
56.0,16,752.51778,0
56.0,17,15.497040000000002,12
56.0,17,49.549510000000005,8
56.0,17,122.82778,4
56.0,17,1808.55716,0
56.0,18,9.69671,12
56.0,18,24.38686,8
56.0,18,62.468140000000005,4
56.0,18,1984.16519,0
56.0,19,11.77313,12
56.0,19,38.71864,8
56.0,19,50.450860000000006,4
