k,t,phi
2,0.0,0.0
2,0.1,0.0
2,0.2,5.684e-13
2,0.3,1.1368e-12
2,0.4,1.7053e-12
2,0.5,2.2737e-12
2,0.6,2.8421e-12
2,0.7000000000000001,3.4106e-12
2,0.8,3.979e-12
2,0.9,4.5474e-12
2,1.0,5.1159e-12
2,1.1,153.6597392775759
2,1.2,818.8145451280117
2,1.3,124543663289.8031
2,1.4,4.766039983706409e+19
2,1.5,1.8238693639370973e+28
2,1.6,6.97958780891596e+36
2,1.7,2.6709503951100117e+45
2,1.8,1.0221199601536812e+54
2,1.9,3.9114512005062136e+62
2,2.0,1.4968351162657254e+71
2,2.1,5.728092338199865e+79
2,2.2,2.192027797744382e+88
2,2.3000000000000003,8.388457417210725e+96
2,2.4,3.2100969665058483e+105
2,2.5,1.228440703916291e+114
2,2.6,4.700999934842911e+122
2,2.7,1.7989798218945123e+131
2,2.8000000000000003,6.884340447649393e+139
2,2.9,2.634501111259286e+148
2,3.0,inf
2,3.1,inf
2,3.2,inf
2,3.3000000000000003,inf
2,3.4,inf
2,3.5,inf
2,3.6,inf
2,3.7,inf
2,3.8,inf
2,3.9,inf
2,4.0,inf
2,4.1,inf
2,4.2,inf
2,4.3,inf
2,4.4,inf
2,4.5,inf
2,4.6000000000000005,inf
2,4.7,NaN
2,4.8,NaN
2,4.9,NaN
2,5.0,NaN
2,5.1000000000000005,NaN
2,5.2,NaN
2,5.3,NaN
2,5.4,NaN
2,5.5,NaN
2,5.6000000000000005,NaN
2,5.7,NaN
2,5.8,NaN
2,5.9,NaN
2,6.0,NaN
2,6.1000000000000005,NaN
2,6.2,NaN
2,6.3,NaN
2,6.4,NaN
2,6.5,NaN
2,6.6000000000000005,NaN
2,6.7,NaN
2,6.8,NaN
2,6.9,NaN
2,7.0,NaN
2,7.1000000000000005,NaN
2,7.2,NaN
2,7.3,NaN
2,7.4,NaN
2,7.5,NaN
2,7.6,NaN
2,7.7,NaN
2,7.8,NaN
2,7.9,NaN
2,8.0,NaN
2,8.1,NaN
2,8.2,NaN
2,8.3,NaN
2,8.4,NaN
2,8.5,NaN
2,8.6,NaN
2,8.700000000000001,NaN
2,8.8,NaN
2,8.9,NaN
2,9.0,NaN
2,9.1,NaN
2,9.2,NaN
2,9.3,NaN
2,9.4,NaN
2,9.5,NaN
2,9.6,NaN
2,9.7,NaN
2,9.8,NaN
2,9.9,NaN
2,10.0,NaN
2,10.1,NaN
2,10.2,NaN
2,10.3,NaN
2,10.4,NaN
2,10.5,NaN
2,10.6,NaN
2,10.7,NaN
2,10.8,NaN
2,10.9,NaN
2,11.0,NaN
2,11.1,NaN
2,11.2,NaN
2,11.3,NaN
2,11.4,NaN
2,11.5,NaN
2,11.6,NaN
2,11.7,NaN
2,11.8,NaN
2,11.9,NaN
2,12.0,NaN
2,12.1,NaN
2,12.2,NaN
2,12.3,NaN
2,12.4,NaN
2,12.5,NaN
2,12.6,NaN
2,12.7,NaN
2,12.8,NaN
2,12.9,NaN
2,13.0,NaN
2,13.1,NaN
2,13.2,NaN
2,13.3,NaN
2,13.4,NaN
2,13.5,NaN
2,13.6,NaN
2,13.7,NaN
2,13.8,NaN
2,13.9,NaN
2,14.0,NaN
2,14.1,NaN
2,14.2,NaN
2,14.3,NaN
2,14.4,NaN
2,14.5,NaN
2,14.6,NaN
2,14.7,NaN
2,14.8,NaN
2,14.9,NaN
2,15.0,NaN
2,15.1,NaN
2,15.2,NaN
2,15.3,NaN
2,15.4,NaN
2,15.5,NaN
2,15.6,NaN
2,15.7,NaN
2,15.8,NaN
2,15.9,NaN
2,16.0,NaN
2,16.1,NaN
2,16.2,NaN
2,16.3,NaN
2,16.4,NaN
2,16.5,NaN
2,16.6,NaN
2,16.7,NaN
2,16.8,NaN
2,16.9,NaN
2,17.0,NaN
2,17.1,NaN
2,17.2,NaN
2,17.3,NaN
2,17.400000000000002,NaN
2,17.5,NaN
2,17.6,NaN
2,17.7,NaN
2,17.8,NaN
2,17.900000000000002,NaN
2,18.0,NaN
2,18.1,NaN
2,18.2,NaN
2,18.3,NaN
2,18.4,NaN
2,18.5,NaN
2,18.6,NaN
2,18.7,NaN
2,18.8,NaN
2,18.9,NaN
2,19.0,NaN
2,19.1,NaN
2,19.2,NaN
2,19.3,NaN
2,19.4,NaN
2,19.5,NaN
2,19.6,NaN
2,19.7,NaN
2,19.8,NaN
2,19.9,NaN
2,20.0,NaN
2,20.1,NaN
2,20.2,NaN
2,20.3,NaN
2,20.4,NaN
2,20.5,NaN
2,20.6,NaN
2,20.7,NaN
2,20.8,NaN
2,20.9,NaN
2,21.0,NaN
2,21.1,NaN
2,21.2,NaN
2,21.3,NaN
2,21.4,NaN
2,21.5,NaN
2,21.6,NaN
2,21.7,NaN
2,21.8,NaN
2,21.9,NaN
2,22.0,NaN
2,22.1,NaN
2,22.2,NaN
2,22.3,NaN
2,22.4,NaN
2,22.5,NaN
2,22.6,NaN
2,22.7,NaN
2,22.8,NaN
2,22.9,NaN
2,23.0,NaN
2,23.1,NaN
2,23.2,NaN
2,23.3,NaN
2,23.4,NaN
2,23.5,NaN
2,23.6,NaN
2,23.7,NaN
2,23.8,NaN
2,23.9,NaN
2,24.0,NaN
2,24.1,NaN
2,24.2,NaN
2,24.3,NaN
2,24.4,NaN
2,24.5,NaN
2,24.6,NaN
2,24.7,NaN
2,24.8,NaN
2,24.9,NaN
2,25.0,NaN
2,25.1,NaN
2,25.2,NaN
2,25.3,NaN
2,25.4,NaN
2,25.5,NaN
2,25.6,NaN
2,25.7,NaN
2,25.8,NaN
2,25.9,NaN
2,26.0,NaN
2,26.1,NaN
2,26.2,NaN
2,26.3,NaN
2,26.4,NaN
2,26.5,NaN
2,26.6,NaN
2,26.7,NaN
2,26.8,NaN
2,26.9,NaN
2,27.0,NaN
2,27.1,NaN
2,27.2,NaN
2,27.3,NaN
2,27.4,NaN
2,27.5,NaN
2,27.6,NaN
2,27.7,NaN
2,27.8,NaN
2,27.9,NaN
2,28.0,NaN
2,28.1,NaN
2,28.2,NaN
2,28.3,NaN
2,28.4,NaN
2,28.5,NaN
2,28.6,NaN
2,28.7,NaN
2,28.8,NaN
2,28.9,NaN
2,29.0,NaN
2,29.1,NaN
2,29.2,NaN
2,29.3,NaN
2,29.4,NaN
2,29.5,NaN
2,29.6,NaN
2,29.7,NaN
2,29.8,NaN
2,29.9,NaN
2,30.0,NaN
2,30.1,NaN
2,30.2,NaN
2,30.3,NaN
2,30.4,NaN
2,30.5,NaN
2,30.6,NaN
2,30.7,NaN
2,30.8,NaN
2,30.9,NaN
2,31.0,NaN
2,31.1,NaN
2,31.2,NaN
2,31.3,NaN
2,31.4,NaN
2,31.5,NaN
2,31.6,NaN
2,31.7,NaN
2,31.8,NaN
2,31.9,NaN
2,32.0,NaN
2,32.1,NaN
2,32.2,NaN
2,32.3,NaN
2,32.4,NaN
2,32.5,NaN
2,32.6,NaN
2,32.7,NaN
2,32.8,NaN
2,32.9,NaN
2,33.0,NaN
2,33.1,NaN
2,33.2,NaN
2,33.3,NaN
2,33.4,NaN
2,33.5,NaN
2,33.6,NaN
2,33.7,NaN
2,33.8,NaN
2,33.9,NaN
2,34.0,NaN
2,34.1,NaN
2,34.2,NaN
2,34.300000000000004,NaN
2,34.4,NaN
2,34.5,NaN
2,34.6,NaN
2,34.7,NaN
2,34.800000000000004,NaN
2,34.9,NaN
2,35.0,NaN
2,35.1,NaN
2,35.2,NaN
2,35.300000000000004,NaN
2,35.4,NaN
2,35.5,NaN
2,35.6,NaN
2,35.7,NaN
2,35.800000000000004,NaN
2,35.9,NaN
2,36.0,NaN
2,36.1,NaN
2,36.2,NaN
2,36.3,NaN
2,36.4,NaN
2,36.5,NaN
2,36.6,NaN
2,36.7,NaN
2,36.8,NaN
2,36.9,NaN
2,37.0,NaN
2,37.1,NaN
2,37.2,NaN
2,37.3,NaN
2,37.4,NaN
2,37.5,NaN
2,37.6,NaN
2,37.7,NaN
2,37.8,NaN
2,37.9,NaN
2,38.0,NaN
2,38.1,NaN
2,38.2,NaN
2,38.3,NaN
2,38.4,NaN
2,38.5,NaN
2,38.6,NaN
2,38.7,NaN
2,38.8,NaN
2,38.9,NaN
2,39.0,NaN
2,39.1,NaN
2,39.2,NaN
2,39.3,NaN
2,39.4,NaN
2,39.5,NaN
2,39.6,NaN
2,39.7,NaN
2,39.8,NaN
2,39.9,NaN
2,40.0,NaN
2,40.1,NaN
2,40.2,NaN
2,40.3,NaN
2,40.4,NaN
2,40.5,NaN
2,40.6,NaN
2,40.7,NaN
2,40.8,NaN
2,40.9,NaN
2,41.0,NaN
2,41.1,NaN
2,41.2,NaN
2,41.3,NaN
2,41.4,NaN
2,41.5,NaN
2,41.6,NaN
2,41.7,NaN
2,41.8,NaN
2,41.9,NaN
2,42.0,NaN
2,42.1,NaN
2,42.2,NaN
2,42.3,NaN
2,42.4,NaN
2,42.5,NaN
2,42.6,NaN
2,42.7,NaN
2,42.8,NaN
2,42.9,NaN
2,43.0,NaN
2,43.1,NaN
2,43.2,NaN
2,43.3,NaN
2,43.4,NaN
2,43.5,NaN
2,43.6,NaN
2,43.7,NaN
2,43.8,NaN
2,43.9,NaN
2,44.0,NaN
2,44.1,NaN
2,44.2,NaN
2,44.3,NaN
2,44.4,NaN
2,44.5,NaN
2,44.6,NaN
2,44.7,NaN
2,44.8,NaN
2,44.9,NaN
2,45.0,NaN
2,45.1,NaN
2,45.2,NaN
2,45.3,NaN
2,45.4,NaN
2,45.5,NaN
2,45.6,NaN
2,45.7,NaN
2,45.8,NaN
2,45.9,NaN
2,46.0,NaN
2,46.1,NaN
2,46.2,NaN
2,46.3,NaN
2,46.4,NaN
2,46.5,NaN
2,46.6,NaN
2,46.7,NaN
2,46.8,NaN
2,46.9,NaN
2,47.0,NaN
2,47.1,NaN
2,47.2,NaN
2,47.3,NaN
2,47.4,NaN
2,47.5,NaN
2,47.6,NaN
2,47.7,NaN
2,47.8,NaN
2,47.9,NaN
2,48.0,NaN
2,48.1,NaN
2,48.2,NaN
2,48.3,NaN
2,48.4,NaN
2,48.5,NaN
2,48.6,NaN
2,48.7,NaN
2,48.8,NaN
2,48.9,NaN
2,49.0,NaN
2,49.1,NaN
2,49.2,NaN
2,49.3,NaN
2,49.4,NaN
2,49.5,NaN
2,49.6,NaN
2,49.7,NaN
2,49.8,NaN
2,49.9,NaN
2,50.0,NaN
2,50.1,NaN
2,50.2,NaN
2,50.3,NaN
2,50.4,NaN
2,50.5,NaN
2,50.6,NaN
2,50.7,NaN
2,50.8,NaN
2,50.9,NaN
2,51.0,NaN
2,51.1,NaN
2,51.2,NaN
2,51.3,NaN
2,51.4,NaN
2,51.5,NaN
2,51.6,NaN
2,51.7,NaN
2,51.8,NaN
2,51.9,NaN
2,52.0,NaN
2,52.1,NaN
2,52.2,NaN
2,52.3,NaN
2,52.4,NaN
2,52.5,NaN
2,52.6,NaN
2,52.7,NaN
2,52.8,NaN
2,52.9,NaN
2,53.0,NaN
2,53.1,NaN
2,53.2,NaN
2,53.3,NaN
2,53.4,NaN
2,53.5,NaN
2,53.6,NaN
2,53.7,NaN
2,53.8,NaN
2,53.9,NaN
2,54.0,NaN
2,54.1,NaN
2,54.2,NaN
2,54.3,NaN
2,54.4,NaN
2,54.5,NaN
2,54.6,NaN
2,54.7,NaN
2,54.8,NaN
2,54.9,NaN
2,55.0,NaN
2,55.1,NaN
2,55.2,NaN
2,55.3,NaN
2,55.4,NaN
2,55.5,NaN
2,55.6,NaN
2,55.7,NaN
2,55.8,NaN
2,55.9,NaN
2,56.0,NaN
2,56.1,NaN
2,56.2,NaN
2,56.3,NaN
2,56.4,NaN
2,56.5,NaN
2,56.6,NaN
2,56.7,NaN
2,56.8,NaN
2,56.9,NaN
2,57.0,NaN
2,57.1,NaN
2,57.2,NaN
2,57.3,NaN
2,57.4,NaN
2,57.5,NaN
2,57.6,NaN
2,57.7,NaN
2,57.8,NaN
2,57.9,NaN
2,58.0,NaN
2,58.1,NaN
2,58.2,NaN
2,58.3,NaN
2,58.4,NaN
2,58.5,NaN
2,58.6,NaN
2,58.7,NaN
2,58.8,NaN
2,58.9,NaN
2,59.0,NaN
2,59.1,NaN
2,59.2,NaN
2,59.3,NaN
2,59.4,NaN
2,59.5,NaN
2,59.6,NaN
2,59.7,NaN
2,59.8,NaN
2,59.9,NaN
2,60.0,NaN
2,60.1,NaN
2,60.2,NaN
2,60.3,NaN
2,60.4,NaN
2,60.5,NaN
2,60.6,NaN
2,60.7,NaN
2,60.8,NaN
2,60.9,NaN
2,61.0,NaN
2,61.1,NaN
2,61.2,NaN
2,61.3,NaN
2,61.4,NaN
2,61.5,NaN
2,61.6,NaN
2,61.7,NaN
2,61.8,NaN
2,61.9,NaN
2,62.0,NaN
2,62.1,NaN
2,62.2,NaN
2,62.3,NaN
2,62.4,NaN
2,62.5,NaN
2,62.6,NaN
2,62.7,NaN
2,62.8,NaN
2,62.9,NaN
2,63.0,NaN
2,63.1,NaN
2,63.2,NaN
2,63.3,NaN
2,63.4,NaN
2,63.5,NaN
2,63.6,NaN
2,63.7,NaN
2,63.8,NaN
2,63.9,NaN
2,64.0,NaN
2,64.1,NaN
2,64.2,NaN
2,64.3,NaN
2,64.4,NaN
2,64.5,NaN
2,64.6,NaN
2,64.7,NaN
2,64.8,NaN
2,64.9,NaN
2,65.0,NaN
2,65.1,NaN
2,65.2,NaN
2,65.3,NaN
2,65.4,NaN
2,65.5,NaN
2,65.6,NaN
2,65.7,NaN
2,65.8,NaN
2,65.9,NaN
2,66.0,NaN
2,66.1,NaN
2,66.2,NaN
2,66.3,NaN
2,66.4,NaN
2,66.5,NaN
2,66.6,NaN
2,66.7,NaN
2,66.8,NaN
2,66.9,NaN
2,67.0,NaN
2,67.1,NaN
2,67.2,NaN
2,67.3,NaN
2,67.4,NaN
2,67.5,NaN
2,67.6,NaN
2,67.7,NaN
2,67.8,NaN
2,67.9,NaN
2,68.0,NaN
2,68.1,NaN
2,68.2,NaN
2,68.3,NaN
2,68.4,NaN
2,68.5,NaN
2,68.60000000000001,NaN
2,68.7,NaN
2,68.8,NaN
2,68.9,NaN
2,69.0,NaN
2,69.10000000000001,NaN
2,69.2,NaN
2,69.3,NaN
2,69.4,NaN
2,69.5,NaN
2,69.60000000000001,NaN
2,69.7,NaN
2,69.8,NaN
2,69.9,NaN
2,70.0,NaN
2,70.10000000000001,NaN
2,70.2,NaN
2,70.3,NaN
2,70.4,NaN
2,70.5,NaN
2,70.60000000000001,NaN
2,70.7,NaN
2,70.8,NaN
2,70.9,NaN
2,71.0,NaN
2,71.10000000000001,NaN
2,71.2,NaN
2,71.3,NaN
2,71.4,NaN
2,71.5,NaN
2,71.60000000000001,NaN
2,71.7,NaN
2,71.8,NaN
2,71.9,NaN
2,72.0,NaN
2,72.10000000000001,NaN
2,72.2,NaN
2,72.3,NaN
2,72.4,NaN
2,72.5,NaN
2,72.60000000000001,NaN
2,72.7,NaN
2,72.8,NaN
2,72.9,NaN
2,73.0,NaN
2,73.10000000000001,NaN
2,73.2,NaN
2,73.3,NaN
2,73.4,NaN
2,73.5,NaN
2,73.60000000000001,NaN
2,73.7,NaN
2,73.8,NaN
2,73.9,NaN
2,74.0,NaN
2,74.10000000000001,NaN
2,74.2,NaN
2,74.3,NaN
2,74.4,NaN
2,74.5,NaN
2,74.60000000000001,NaN
2,74.7,NaN
2,74.8,NaN
2,74.9,NaN
2,75.0,NaN
2,75.10000000000001,NaN
2,75.2,NaN
2,75.3,NaN
2,75.4,NaN
2,75.5,NaN
2,75.60000000000001,NaN
2,75.7,NaN
2,75.8,NaN
2,75.9,NaN
2,76.0,NaN
2,76.10000000000001,NaN
2,76.2,NaN
2,76.3,NaN
2,76.4,NaN
2,76.5,NaN
2,76.60000000000001,NaN
2,76.7,NaN
2,76.8,NaN
2,76.9,NaN
2,77.0,NaN
2,77.10000000000001,NaN
2,77.2,NaN
2,77.3,NaN
2,77.4,NaN
2,77.5,NaN
2,77.60000000000001,NaN
2,77.7,NaN
2,77.8,NaN
2,77.9,NaN
2,78.0,NaN
2,78.10000000000001,NaN
2,78.2,NaN
2,78.3,NaN
2,78.4,NaN
2,78.5,NaN
2,78.60000000000001,NaN
2,78.7,NaN
2,78.8,NaN
2,78.9,NaN
2,79.0,NaN
2,79.10000000000001,NaN
2,79.2,NaN
2,79.3,NaN
2,79.4,NaN
2,79.5,NaN
2,79.60000000000001,NaN
2,79.7,NaN
2,79.8,NaN
2,79.9,NaN
2,80.0,NaN
2,80.10000000000001,NaN
2,80.2,NaN
2,80.3,NaN
2,80.4,NaN
2,80.5,NaN
2,80.60000000000001,NaN
2,80.7,NaN
2,80.8,NaN
2,80.9,NaN
2,81.0,NaN
2,81.10000000000001,NaN
2,81.2,NaN
2,81.3,NaN
2,81.4,NaN
2,81.5,NaN
2,81.60000000000001,NaN
2,81.7,NaN
2,81.8,NaN
2,81.9,NaN
2,82.0,NaN
2,82.10000000000001,NaN
2,82.2,NaN
2,82.3,NaN
2,82.4,NaN
2,82.5,NaN
2,82.60000000000001,NaN
2,82.7,NaN
2,82.8,NaN
2,82.9,NaN
2,83.0,NaN
2,83.10000000000001,NaN
2,83.2,NaN
2,83.3,NaN
2,83.4,NaN
2,83.5,NaN
2,83.60000000000001,NaN
2,83.7,NaN
2,83.8,NaN
2,83.9,NaN
2,84.0,NaN
2,84.10000000000001,NaN
2,84.2,NaN
2,84.3,NaN
2,84.4,NaN
2,84.5,NaN
2,84.60000000000001,NaN
2,84.7,NaN
2,84.8,NaN
2,84.9,NaN
2,85.0,NaN
2,85.10000000000001,NaN
2,85.2,NaN
2,85.3,NaN
2,85.4,NaN
2,85.5,NaN
2,85.60000000000001,NaN
2,85.7,NaN
2,85.8,NaN
2,85.9,NaN
2,86.0,NaN
2,86.10000000000001,NaN
2,86.2,NaN
2,86.3,NaN
2,86.4,NaN
2,86.5,NaN
2,86.60000000000001,NaN
2,86.7,NaN
2,86.8,NaN
2,86.9,NaN
2,87.0,NaN
2,87.10000000000001,NaN
2,87.2,NaN
2,87.3,NaN
2,87.4,NaN
2,87.5,NaN
2,87.60000000000001,NaN
2,87.7,NaN
2,87.8,NaN
2,87.9,NaN
2,88.0,NaN
2,88.10000000000001,NaN
2,88.2,NaN
2,88.3,NaN
2,88.4,NaN
2,88.5,NaN
2,88.60000000000001,NaN
2,88.7,NaN
2,88.8,NaN
2,88.9,NaN
2,89.0,NaN
2,89.10000000000001,NaN
2,89.2,NaN
2,89.3,NaN
2,89.4,NaN
2,89.5,NaN
2,89.60000000000001,NaN
2,89.7,NaN
2,89.8,NaN
2,89.9,NaN
2,90.0,NaN
2,90.1,NaN
2,90.2,NaN
2,90.3,NaN
2,90.4,NaN
2,90.5,NaN
2,90.6,NaN
2,90.7,NaN
2,90.8,NaN
2,90.9,NaN
2,91.0,NaN
2,91.1,NaN
2,91.2,NaN
2,91.3,NaN
2,91.4,NaN
2,91.5,NaN
2,91.6,NaN
2,91.7,NaN
2,91.8,NaN
2,91.9,NaN
2,92.0,NaN
2,92.1,NaN
2,92.2,NaN
2,92.3,NaN
2,92.4,NaN
2,92.5,NaN
2,92.6,NaN
2,92.7,NaN
2,92.8,NaN
2,92.9,NaN
2,93.0,NaN
2,93.1,NaN
2,93.2,NaN
2,93.3,NaN
2,93.4,NaN
2,93.5,NaN
2,93.6,NaN
2,93.7,NaN
2,93.8,NaN
2,93.9,NaN
2,94.0,NaN
2,94.1,NaN
2,94.2,NaN
2,94.3,NaN
2,94.4,NaN
2,94.5,NaN
2,94.6,NaN
2,94.7,NaN
2,94.8,NaN
2,94.9,NaN
2,95.0,NaN
2,95.1,NaN
2,95.2,NaN
2,95.3,NaN
2,95.4,NaN
2,95.5,NaN
2,95.6,NaN
2,95.7,NaN
2,95.8,NaN
2,95.9,NaN
2,96.0,NaN
2,96.1,NaN
2,96.2,NaN
2,96.3,NaN
2,96.4,NaN
2,96.5,NaN
2,96.6,NaN
2,96.7,NaN
2,96.8,NaN
2,96.9,NaN
2,97.0,NaN
2,97.1,NaN
2,97.2,NaN
2,97.3,NaN
2,97.4,NaN
2,97.5,NaN
2,97.6,NaN
2,97.7,NaN
2,97.8,NaN
2,97.9,NaN
2,98.0,NaN
2,98.1,NaN
2,98.2,NaN
2,98.3,NaN
2,98.4,NaN
2,98.5,NaN
2,98.6,NaN
2,98.7,NaN
2,98.8,NaN
2,98.9,NaN
2,99.0,NaN
2,99.1,NaN
2,99.2,NaN
2,99.3,NaN
2,99.4,NaN
2,99.5,NaN
2,99.6,NaN
2,99.7,NaN
2,99.8,NaN
2,99.9,NaN
2,100.0,NaN
3,0.0,0.0
3,0.1,5.684e-13
3,0.2,5.1159e-12
3,0.3,1.08002e-11
3,0.4,1.64845e-11
3,0.5,2.21689e-11
3,0.6,2.78532e-11
3,0.7000000000000001,3.35376e-11
3,0.8,2.78532e-11
3,0.9,1.93267e-11
3,1.0,1.08002e-11
3,1.1,0.0424835680852301
3,1.2,0.3094335482725068
3,1.3,0.5824005467347259
3,1.4,0.8555784499794075
3,1.5,1.1288128444889491
3,1.6,1.402070464870339
3,1.7,1.6753398757103048
3,1.8,1.9399016150612625
3,1.9,2.2087843977886075
3,2.0,2.4778125182377946
3,2.1,2.7469468412547453
3,2.2,3.0161613786039627
3,2.3000000000000003,3.285438102768887
3,2.4,3.5479421344748587
3,2.5,3.803577824413612
3,2.6,4.058517027282651
3,2.7,4.33062761209803
3,2.8000000000000003,4.610344712378339
3,2.9,4.896191435956908
3,3.0,5.186631311407654
3,3.1,5.480557965069316
3,3.2,5.777174081295834
3,3.3000000000000003,6.492622456612236
3,3.4,7.069719795119407
3,3.5,7.967858778649248
3,3.6,8.990774679824941
3,3.7,10.098146645842942
3,3.8,11.164404894671168
3,3.9,12.240415332973107
3,4.0,13.389744049966383
3,4.1,15.182315654742425
3,4.2,16.78261372655824
3,4.3,22.19397582045029
3,4.4,30.28220823372157
3,4.5,38.091060822276496
3,4.6000000000000005,46.77326011286959
3,4.7,54.52340731295528
3,4.8,63.97818849067733
3,4.9,73.20282438096758
3,5.0,82.47724109876145
3,5.1000000000000005,91.77130297275843
3,5.2,101.07575237051664
3,5.3,110.38675796014326
3,5.4,119.70238580278804
3,5.5,129.02152041535211
3,5.6000000000000005,138.34180093616308
3,5.7,147.9533495609512
3,5.8,158.3960903476062
3,5.9,169.01901682177004
3,6.0,174.38682982829198
3,6.1000000000000005,177.11247515879225
3,6.2,182.2437445655628
3,6.3,190.35019596471025
3,6.4,203.32551126546537
3,6.5,217.0539016085466
3,6.6000000000000005,222.16366134137647
3,6.7,232.73964119141647
3,6.8,249.24766465937796
3,6.9,259.81864657815964
3,7.0,267.07690982065253
3,7.1000000000000005,273.1116900849583
3,7.2,276.7464799490126
3,7.3,283.84631630769786
3,7.4,292.7777016175985
3,7.5,304.5165682345892
3,7.6,319.1645576681618
3,7.7,335.120609553796
3,7.8,351.9853368906008
3,7.9,366.4689274988528
3,8.0,379.7349262907741
3,8.1,392.2162810965373
3,8.2,406.2207391390443
3,8.3,423.8686660880294
3,8.4,442.7356207411128
3,8.5,462.2563279254789
3,8.6,482.3045240922809
3,8.700000000000001,502.7997678227293
3,8.8,524.2538642218049
3,8.9,547.1225337141127
3,9.0,563.795813114585
3,9.1,578.0555516546178
3,9.2,593.605456745269
3,9.3,609.8191975089957
3,9.4,626.2297975252005
3,9.5,639.8847111055362
3,9.6,650.2442443928493
3,9.7,657.5669778529743
3,9.8,666.9553732183034
3,9.9,676.0554515996855
3,10.0,685.3029012864807
3,10.1,690.4429982540142
3,10.2,696.0358194559165
3,10.3,702.7912370039065
3,10.4,703.4712410197005
3,10.5,706.8175622433112
3,10.6,710.7642223399575
3,10.7,710.1612802548838
3,10.8,709.1112202674657
3,10.9,704.0254926153757
3,11.0,701.6159035460138
3,11.1,701.3590790246059
3,11.2,703.2041495058724
3,11.3,713.4975833381567
3,11.4,723.078072663155
3,11.5,728.8246252709799
3,11.6,739.4812785037358
3,11.7,754.9110016677907
3,11.8,775.603860455376
3,11.9,799.6545686059187
3,12.0,823.4896632140379
3,12.1,848.8570082717463
3,12.2,875.8061956273806
3,12.3,899.7357462344092
3,12.4,922.048667202422
3,12.5,943.993393041748
3,12.6,961.055082404228
3,12.7,978.2331405678642
3,12.8,996.8312732198264
3,12.9,1013.0654240927444
3,13.0,1026.446107217202
3,13.1,1040.068883009985
3,13.2,1054.0323127345578
3,13.3,1068.105663347711
3,13.4,1083.370243247466
3,13.5,1099.7605006019796
3,13.6,1117.4831223999242
3,13.7,1136.7267307034094
3,13.8,1156.8544462636369
3,13.9,1174.1258192889643
3,14.0,1192.2024163373003
3,14.1,1211.0686212432986
3,14.2,1230.68747292445
3,14.3,1249.8368778331153
3,14.4,1268.8464259727698
3,14.5,1285.5866722980131
3,14.6,1302.5669933393376
3,14.7,1320.2729718347528
3,14.8,1334.8830523029146
3,14.9,1348.9437504698228
3,15.0,1365.1837271039938
3,15.1,1382.7022061441417
3,15.2,1401.0162859353966
3,15.3,1420.4721156731118
3,15.4,1440.5479344634268
3,15.5,1460.741804857212
3,15.6,1480.2331741548703
3,15.7,1497.7321874434351
3,15.8,1516.143593024939
3,15.9,1535.0650252068458
3,16.0,1554.5087458599528
3,16.1,1577.1093392440418
3,16.2,1597.9250271137707
3,16.3,1610.3426055424331
3,16.4,1614.1156673386497
3,16.5,1619.3744664828628
3,16.6,1622.5185973101677
3,16.7,1623.3002631535714
3,16.8,1620.313384927721
3,16.9,1616.258304430007
3,17.0,1612.989062781896
3,17.1,1610.6791048869763
3,17.2,1605.601746361018
3,17.3,1602.3420315902829
3,17.400000000000002,1604.0499509837289
3,17.5,1606.1619294793993
3,17.6,1604.318630735472
3,17.7,1600.470391686811
3,17.8,1597.669165102199
3,17.900000000000002,1594.8751858127798
3,18.0,1591.8933056056787
3,18.1,1590.7362824129036
3,18.2,1590.5080611276642
3,18.3,1592.3260581828065
3,18.4,1595.6371927561988
3,18.5,1595.7695048639869
3,18.6,1591.503302166989
3,18.7,1577.853410418481
3,18.8,1570.3492629591824
3,18.9,1563.8962185186092
3,19.0,1558.7697569400054
3,19.1,1546.8435563145783
3,19.2,1534.35770868844
3,19.3,1524.5397648978785
3,19.4,1516.7325015742144
3,19.5,1510.896943096763
3,19.6,1507.1674262581444
3,19.7,1506.9090998360584
3,19.8,1508.792383933103
3,19.9,1513.0141522793383
3,20.0,1525.6686666642015
3,20.1,1538.65158544984
3,20.2,1554.0185708641332
3,20.3,1571.5422356822687
3,20.4,1590.3404259046724
3,20.5,1613.393490228304
3,20.6,1637.11199951456
3,20.7,1661.2383892555138
3,20.8,1682.7161460586726
3,20.9,1704.913313052978
3,21.0,1726.787528858731
3,21.1,1750.4913664513729
3,21.2,1775.6508738720663
3,21.3,1801.654092367024
3,21.4,1827.8079248428437
3,21.5,1851.406845725804
3,21.6,1870.3120238560384
3,21.7,1882.8755867914329
3,21.8,1894.8062272139796
3,21.9,1900.5413271009688
3,22.0,1902.87397890232
3,22.1,1905.4708136241215
3,22.2,1905.7562732323056
3,22.3,1901.928257532312
3,22.4,1899.8059186682888
3,22.5,1899.511650689156
3,22.6,1901.61594868864
3,22.7,1904.0441732271483
3,22.8,1906.8668840212083
3,22.9,1911.147782362815
3,23.0,1916.151080375061
3,23.1,1919.3155578804997
3,23.2,1922.9166919490333
3,23.3,1930.0433004800489
3,23.4,1930.7107447363649
3,23.5,1931.7661636328469
3,23.6,1935.020519565769
3,23.7,1941.4084276222493
3,23.8,1948.927443098534
3,23.9,1956.9608403848104
3,24.0,1963.179692495867
3,24.1,1966.656607909356
3,24.2,1968.7991368405767
3,24.3,1970.74913604458
3,24.4,1971.4441447459928
3,24.5,1969.0186135205568
3,24.6,1964.4715222967784
3,24.7,1959.665791580789
3,24.8,1955.6621077605068
3,24.9,1950.0836205447304
3,25.0,1946.6429716012533
3,25.1,1944.7218342552785
3,25.2,1945.1274387685617
3,25.3,1947.3829223321625
3,25.4,1948.232067630992
3,25.5,1943.5955049102383
3,25.6,1936.4000236179284
3,25.7,1929.2828605116565
3,25.8,1922.2557574689936
3,25.9,1910.397676116001
3,26.0,1897.7351806285285
3,26.1,1883.607885083096
3,26.2,1870.434551801071
3,26.3,1856.9421929666053
3,26.4,1841.459333871784
3,26.5,1827.2303121948728
3,26.6,1807.8418165398996
3,26.7,1784.873478068789
3,26.8,1763.1548354606252
3,26.9,1742.6403685011585
3,27.0,1722.8071177433576
3,27.1,1703.3449425362576
3,27.2,1682.6423457807873
3,27.3,1662.3272110401283
3,27.4,1636.943696265196
3,27.5,1612.2003106678735
3,27.6,1589.716188270456
3,27.7,1566.7835825869995
3,27.8,1543.5616618563322
3,27.9,1520.8802356303215
3,28.0,1499.8039158726897
3,28.1,1480.5085565960462
3,28.2,1460.321288691363
3,28.3,1437.24991843814
3,28.4,1415.2668907975703
3,28.5,1393.4395547661925
3,28.6,1372.890346418261
3,28.7,1353.6299986291376
3,28.8,1334.395216395984
3,28.9,1313.262606965699
3,29.0,1290.7926233393923
3,29.1,1269.8298285780418
3,29.2,1250.612985195074
3,29.3,1230.5950754566509
3,29.4,1208.218515341049
3,29.5,1187.7083465951746
3,29.6,1168.0867814973535
3,29.7,1151.460356526906
3,29.8,1138.2707268412114
3,29.9,1128.8732323347688
3,30.0,1123.674492476326
3,30.1,1120.694656610044
3,30.2,1121.1850503382896
3,30.3,1122.348052080657
3,30.4,1125.3975747194552
3,30.5,1130.6930178655218
3,30.6,1138.252159369487
3,30.7,1147.904475696541
3,30.8,1160.2156688595906
3,30.9,1174.3665900147937
3,31.0,1187.6981344393985
3,31.1,1194.0920195312833
3,31.2,1188.174792931487
3,31.3,1178.8034123010714
3,31.4,1165.0211099651865
3,31.5,1152.5194780746797
3,31.6,1141.3890883568686
3,31.7,1130.5875652471796
3,31.8,1120.524305011959
3,31.9,1113.694909263711
3,32.0,1105.9687020338142
3,32.1,1096.0146537937983
3,32.2,1088.3089899727104
3,32.3,1080.7839220460066
3,32.4,1072.1766190035148
3,32.5,1065.38160343438
3,32.6,1061.9668947554387
3,32.7,1062.4983530358095
3,32.8,1068.963679747517
3,32.9,1080.0161437192223
3,33.0,1089.7010485380924
3,33.1,1096.0082720045912
3,33.2,1103.9482494178797
3,33.3,1113.220273887104
3,33.4,1122.5567984160643
3,33.5,1132.1774555216623
3,33.6,1141.2550077103192
3,33.7,1153.1007638004355
3,33.8,1163.0399970575368
3,33.9,1170.1864422769672
3,34.0,1178.0403324665535
3,34.1,1185.1067587472503
3,34.2,1189.0092019329625
3,34.300000000000004,1193.7367366650367
3,34.4,1199.474196109784
3,34.5,1205.1535426833475
3,34.6,1209.0811808299609
3,34.7,1210.6934938136744
3,34.800000000000004,1211.6385738528454
3,34.9,1210.4952120215862
3,35.0,1207.0999366726858
3,35.1,1203.4318545600672
3,35.2,1199.6812067017197
3,35.300000000000004,1193.570747976761
3,35.4,1185.8505368918384
3,35.5,1179.2196554090444
3,35.6,1173.690446003783
3,35.7,1167.3480677126436
3,35.800000000000004,1165.7794805511596
3,35.9,1165.6734012804843
3,36.0,1166.9211129524722
3,36.1,1170.7929883151076
3,36.2,1178.528684329636
3,36.3,1187.8559994898455
3,36.4,1197.175668266235
3,36.5,1205.2065900882722
3,36.6,1216.047333037513
3,36.7,1224.9613738595096
3,36.8,1232.8353246443094
3,36.9,1236.3740118645906
3,37.0,1237.9618569612066
3,37.1,1239.5270023344965
3,37.2,1242.1454528422323
3,37.3,1245.026113170954
3,37.4,1248.4866040446764
3,37.5,1251.9824293081244
3,37.6,1255.457695705043
3,37.7,1255.9768486777505
3,37.8,1253.5442947508488
3,37.9,1249.8360228641272
3,38.0,1247.0836646439377
3,38.1,1246.2709212241034
3,38.2,1245.3710825100973
3,38.3,1244.7362601629045
3,38.4,1244.4060599148822
3,38.5,1241.3115267951723
3,38.6,1238.7125593391584
3,38.7,1238.1777637858438
3,38.8,1239.7662447537302
3,38.9,1243.5881251667126
3,39.0,1253.7164631023602
3,39.1,1262.7408861839788
3,39.2,1273.2003348373742
3,39.3,1277.9388280046333
3,39.4,1282.7076473371371
3,39.5,1286.8883697334409
3,39.6,1290.6416613796348
3,39.7,1292.8161175439272
3,39.8,1294.4718243159991
3,39.9,1297.1603120145817
3,40.0,1299.39402495593
3,40.1,1301.3786820998723
3,40.2,1304.8619063411431
3,40.3,1308.662942852501
3,40.4,1313.6230662214552
3,40.5,1322.374692194171
3,40.6,1333.105746766537
3,40.7,1342.9362910187417
3,40.8,1353.307634847495
3,40.9,1364.3851683482171
3,41.0,1376.0344109180717
3,41.1,1388.8389709107962
3,41.2,1402.285205179587
3,41.3,1410.8989007550422
3,41.4,1418.9265101567653
3,41.5,1428.5217810316135
3,41.6,1435.1510310277283
3,41.7,1438.8658865952316
3,41.8,1444.0662259640724
3,41.9,1449.9503087472597
3,42.0,1451.484304763803
3,42.1,1453.929291309412
3,42.2,1457.8489918055948
3,42.3,1464.0993861844763
3,42.4,1473.2629677396217
3,42.5,1482.2362304878422
3,42.6,1492.9771251785437
3,42.7,1505.9193094842385
3,42.8,1519.4511980989105
3,42.9,1523.2339600270589
3,43.0,1525.518537318757
3,43.1,1536.28419102667
3,43.2,1536.1231381924715
3,43.3,1531.959356193317
3,43.4,1525.3860650640545
3,43.5,1512.9161246224785
3,43.6,1498.649124245067
3,43.7,1486.4069616966206
3,43.8,1477.666777742665
3,43.9,1478.7849308965383
3,44.0,1465.2849914617277
3,44.1,1448.871969073754
3,44.2,1431.8812898843496
3,44.3,1413.4449528274783
3,44.4,1395.2854681022875
3,44.5,1375.666576347707
3,44.6,1355.2965251095493
3,44.7,1335.4176998017433
3,44.8,1317.1267714082926
3,44.9,1301.8429523239793
3,45.0,1287.6530884770953
3,45.1,1273.9877953602686
3,45.2,1264.3481573920956
3,45.3,1259.2524902141972
3,45.4,1253.6026415303843
3,45.5,1242.8244934437987
3,45.6,1233.8306274189567
3,45.7,1226.9285813622205
3,45.8,1222.8096728570326
3,45.9,1222.884096866084
3,46.0,1231.682397564946
3,46.1,1243.3362318931886
3,46.2,1253.4329228971906
3,46.3,1267.004242989411
3,46.4,1283.334088465181
3,46.5,1302.326214922344
3,46.6,1321.542366909604
3,46.7,1333.559674404252
3,46.8,1345.8077290144515
3,46.9,1359.4770675354844
3,47.0,1371.883633336873
3,47.1,1383.7394321304075
3,47.2,1397.2364557381625
3,47.3,1411.1669193777416
3,47.4,1425.8199261411664
3,47.5,1437.7202198734158
3,47.6,1448.7549940707638
3,47.7,1460.7527135776604
3,47.8,1473.983067703727
3,47.9,1486.0995986164503
3,48.0,1496.9851950353814
3,48.1,1506.8235583571632
3,48.2,1515.5290182431131
3,48.3,1526.001598243457
3,48.4,1538.4483827115548
3,48.5,1552.8175742424305
3,48.6,1567.3117244004106
3,48.7,1578.9912012458904
3,48.8,1583.993361480527
3,48.9,1590.349010317129
3,49.0,1596.8969360042718
3,49.1,1600.7807906242808
3,49.2,1605.4125161100387
3,49.3,1611.0482959171422
3,49.4,1617.6739600539518
3,49.5,1620.8016406866327
3,49.6,1621.280887547943
3,49.7,1626.2227949904418
3,49.8,1635.9792447522225
3,49.9,1646.582163041775
3,50.0,1656.542971820992
3,50.1,1666.960042444091
3,50.2,1671.143999404752
3,50.3,1672.3564900435324
3,50.4,1673.604124696005
3,50.5,1662.3593936406774
3,50.6,1654.0981416192817
3,50.7,1648.3960737459583
3,50.8,1643.8855257965686
3,50.9,1638.6374102864754
3,51.0,1635.529823423866
3,51.1,1633.759109451712
3,51.2,1633.0615772918538
3,51.3,1634.5373796992756
3,51.4,1636.339402355398
3,51.5,1637.41845462674
3,51.6,1640.8168257210273
3,51.7,1645.3227148802791
3,51.8,1644.9242516014958
3,51.9,1635.4031881879828
3,52.0,1626.9832231723522
3,52.1,1619.6285962078846
3,52.2,1612.4872502943822
3,52.3,1602.583232294969
3,52.4,1593.728085514898
3,52.5,1585.9377995820398
3,52.6,1578.010165107042
3,52.7,1566.0264030282428
3,52.8,1552.7717832258968
3,52.9,1539.2968566339932
3,53.0,1525.8949660695785
3,53.1,1514.1191158722122
3,53.2,1512.6563859547168
3,53.3,1514.1014761836288
3,53.4,1513.805197322618
3,53.5,1512.6900837690273
3,53.6,1513.188181141231
3,53.7,1520.460914092475
3,53.8,1526.49037288544
3,53.9,1533.5243561860634
3,54.0,1536.4530862074812
3,54.1,1540.0370630817497
3,54.2,1545.6780558345197
3,54.3,1552.757224989109
3,54.4,1556.5165611287196
3,54.5,1558.867650035874
3,54.6,1562.926966357423
3,54.7,1567.6607764186806
3,54.8,1571.5599328616263
3,54.9,1577.5251926127175
3,55.0,1584.1207067628477
3,55.1,1591.8406716219924
3,55.2,1601.2494577599896
3,55.3,1612.5198040652704
3,55.4,1622.587458239562
3,55.5,1621.144249048463
3,55.6,1619.9480869546794
3,55.7,1617.8814808282752
3,55.8,1615.6799629592374
3,55.9,1607.337260492034
3,56.0,1598.720936310075
3,56.1,1590.874008606288
3,56.2,1583.7826611964356
3,56.3,1577.5212021625464
3,56.4,1572.9034220940346
3,56.5,1568.4427185204197
3,56.6,1562.9391331042916
3,56.7,1558.1144908758993
3,56.8,1554.1953917954886
3,56.9,1551.5336725004245
3,57.0,1548.592930158507
3,57.1,1546.2626552025251
3,57.2,1544.8012179822792
3,57.3,1539.333354353391
3,57.4,1534.7972637715006
3,57.5,1530.8282877210995
3,57.6,1527.4134002258156
3,57.7,1522.4170031920714
3,57.8,1516.2973272225274
3,57.9,1511.5669548501874
3,58.0,1508.2784317760645
3,58.1,1505.8135379561038
3,58.2,1503.463818130306
3,58.3,1500.0896858648166
3,58.4,1500.457323888632
3,58.5,1505.7411984125335
3,58.6,1513.2012966743553
3,58.7,1515.913597069239
3,58.8,1520.443086956376
3,58.9,1526.4577706140549
3,59.0,1531.33930864144
3,59.1,1529.4466181994833
3,59.2,1524.5879472383365
3,59.3,1509.017183140062
3,59.4,1491.8783915975148
3,59.5,1479.8434589874316
3,59.6,1469.0690091094
3,59.7,1456.6468230684693
3,59.8,1445.6330183358432
3,59.9,1431.1037829196266
3,60.0,1418.668842904469
3,60.1,1404.5298078577594
3,60.2,1391.6699661981886
3,60.3,1376.406764927371
3,60.4,1359.3147030289635
3,60.5,1341.648657534559
3,60.6,1327.5390076217618
3,60.7,1317.185441136594
3,60.8,1310.7580645636192
3,60.9,1307.5495026664926
3,61.0,1306.9156156165216
3,61.1,1307.1886270835012
3,61.2,1309.0517135537343
3,61.3,1313.1996094680762
3,61.4,1319.5275918865914
3,61.5,1328.2776939203989
3,61.6,1340.756002574065
3,61.7,1352.0861484824177
3,61.8,1365.709355498992
3,61.9,1379.563074841009
3,62.0,1387.3181376010702
3,62.1,1397.685348782752
3,62.2,1408.5719010634052
3,62.3,1422.3456984382403
3,62.4,1437.0393683712057
3,62.5,1451.718062456609
3,62.6,1465.401091148878
3,62.7,1476.10900685629
3,62.8,1488.3060751996777
3,62.9,1497.9051099933754
3,63.0,1506.6600669042302
3,63.1,1513.1293804190443
3,63.2,1518.5130127797008
3,63.3,1521.0852880060263
3,63.4,1522.5826072385116
3,63.5,1525.189054617469
3,63.6,1530.4995280774988
3,63.7,1535.9926381827067
3,63.8,1537.5481603818048
3,63.9,1534.2082888088369
3,64.0,1523.9368299981045
3,64.1,1516.8920879455206
3,64.2,1512.8015269451223
3,64.3,1506.5324618471957
3,64.4,1501.2070222810066
3,64.5,1499.2646297986105
3,64.6,1500.3020148946832
3,64.7,1500.8611054923226
3,64.8,1501.699280413458
3,64.9,1503.4343270023635
3,65.0,1506.0093327804902
3,65.1,1500.627390558611
3,65.2,1490.7191635241418
3,65.3,1481.905968637098
3,65.4,1474.2161237619723
3,65.5,1467.6738052760213
3,65.6,1461.930365904091
3,65.7,1454.5910875808015
3,65.8,1447.486227934806
3,65.9,1441.345779488871
3,66.0,1426.5978971791908
3,66.1,1409.4683565373589
3,66.2,1388.4045131007415
3,66.3,1368.603228638984
3,66.4,1350.9387113474145
3,66.5,1336.2498667142088
3,66.6,1326.7249369210278
3,66.7,1325.1884948888776
3,66.8,1329.6657492343145
3,66.9,1333.6309103281117
3,67.0,1336.4696928349267
3,67.1,1339.6076225401016
3,67.2,1344.3408805509948
3,67.3,1350.3719265596137
3,67.4,1356.0056840004145
3,67.5,1356.2955541132444
3,67.6,1356.2205521843985
3,67.7,1357.07433690181
3,67.8,1363.962891056738
3,67.9,1373.945233763715
3,68.0,1384.719497459216
3,68.1,1396.8251205685312
3,68.2,1410.0837112176837
3,68.3,1422.8563929937284
3,68.4,1434.7685548620664
3,68.5,1445.48722741244
3,68.60000000000001,1455.8776508549652
3,68.7,1466.25332860552
3,68.8,1477.3583031781168
3,68.9,1491.9481683934998
3,69.0,1509.5642416813464
3,69.10000000000001,1528.878679750684
3,69.2,1550.8584933535285
3,69.3,1572.0573782473052
3,69.4,1591.5812402002716
3,69.5,1611.2280335059877
3,69.60000000000001,1633.4339060202915
3,69.7,1657.7413289380472
3,69.8,1683.555397324714
3,69.9,1702.5860361911134
3,70.0,1720.7483377923074
3,70.10000000000001,1740.0951753692589
3,70.2,1758.977054944227
3,70.3,1770.3236818163673
3,70.4,1774.5839785586074
3,70.5,1771.1173622394342
3,70.60000000000001,1763.096279986442
3,70.7,1756.5820932108966
3,70.8,1745.9524617360776
3,70.9,1733.797900054371
3,71.0,1722.729557631806
3,71.10000000000001,1714.2018192856165
3,71.2,1707.366298154387
3,71.3,1701.9176440806643
3,71.4,1697.3102089985052
3,71.5,1691.7738506234057
3,71.60000000000001,1685.0032835276093
3,71.7,1679.2635711489688
3,71.8,1674.540668513157
3,71.9,1670.0657382522493
3,72.0,1664.1797505222416
3,72.10000000000001,1652.038497824981
3,72.2,1640.9087600965174
3,72.3,1629.2479858301756
3,72.4,1618.7996908014563
3,72.5,1608.9669221806307
3,72.60000000000001,1599.7867589297844
3,72.7,1589.665537006327
3,72.8,1580.1085426380178
3,72.9,1562.5265819753404
3,73.0,1539.9691014805362
3,73.10000000000001,1519.687481184702
3,73.2,1499.1156029978988
3,73.3,1476.7037104374454
3,73.4,1453.61083541491
3,73.5,1431.448979074949
3,73.60000000000001,1411.6628763675828
3,73.7,1397.057198449609
3,73.8,1389.6678625845532
3,73.9,1384.925784043887
3,74.0,1383.2820008831482
3,74.10000000000001,1383.993793899474
3,74.2,1388.97577769183
3,74.3,1395.5037821409885
3,74.4,1404.4149609835729
3,74.5,1415.0893245467853
3,74.60000000000001,1427.3618935053846
3,74.7,1441.2758879587434
3,74.8,1453.775906700291
3,74.9,1464.1843373700874
3,75.0,1475.784120665848
3,75.10000000000001,1488.3401155426666
3,75.2,1501.754476588529
3,75.3,1516.2163233720826
3,75.4,1526.3277805539672
3,75.5,1524.6851034229164
3,75.60000000000001,1513.5567936203809
3,75.7,1503.2351834016504
3,75.8,1493.641181821254
3,75.9,1485.0210919017502
3,76.0,1476.7361177897692
3,76.10000000000001,1468.7181029641426
3,76.2,1455.360934249662
3,76.3,1439.854372164739
3,76.4,1426.9907834583246
3,76.5,1416.2154727832133
3,76.60000000000001,1402.6315670419535
3,76.7,1385.8428059538217
3,76.8,1369.1475453701253
3,76.9,1352.779956588995
3,77.0,1336.7936868888255
3,77.10000000000001,1320.6195061181136
3,77.2,1303.7823743226406
3,77.3,1288.1951754419886
3,77.4,1273.5181561495515
3,77.5,1259.409274890255
3,77.60000000000001,1247.3132925145696
3,77.7,1234.7348155640043
3,77.8,1227.506193741175
3,77.9,1219.4008645974116
3,78.0,1213.213538640112
3,78.10000000000001,1211.014427784971
3,78.2,1214.0835629321011
3,78.3,1218.94995554578
3,78.4,1225.2701383542876
3,78.5,1228.0333783812578
3,78.60000000000001,1227.269273676786
3,78.7,1227.9253919194284
3,78.8,1230.451841277576
3,78.9,1234.5507498496945
3,79.0,1237.920506298315
3,79.10000000000001,1240.2962951724055
3,79.2,1244.4020229289372
3,79.3,1252.5393726315513
3,79.4,1256.4856171923202
3,79.5,1271.3222153814804
3,79.60000000000001,1288.642365744835
3,79.7,1306.9569149159745
3,79.8,1319.92812278264
3,79.9,1321.128208491893
3,80.0,1322.8106757197097
3,80.10000000000001,1326.036674999854
3,80.2,1328.4251661047124
3,80.3,1329.7096074278652
3,80.4,1328.2196755407622
3,80.5,1328.4472796148657
3,80.60000000000001,1331.9721882800357
3,80.7,1337.3476118007084
3,80.8,1344.5918270095274
3,80.9,1356.4395987008052
3,81.0,1369.1474926726764
3,81.10000000000001,1380.6413100680163
3,81.2,1388.0095362301715
3,81.3,1391.1835354849786
3,81.4,1395.1095758969946
3,81.5,1400.2063329328553
3,81.60000000000001,1405.1526354345629
3,81.7,1404.6261518341112
3,81.8,1404.2199474149018
3,81.9,1403.8439384228636
3,82.0,1406.0361914961563
3,82.10000000000001,1409.3594441168275
3,82.2,1414.3798758422065
3,82.3,1418.6009294590613
3,82.4,1416.9320633854284
3,82.5,1415.0483107272853
3,82.60000000000001,1413.9128737995186
3,82.7,1410.8828519265617
3,82.8,1415.979805400907
3,82.9,1428.627963197927
3,83.0,1441.7558577104182
3,83.10000000000001,1452.078500193287
3,83.2,1457.2201198263765
3,83.3,1461.5790207228645
3,83.4,1467.4683520207936
3,83.5,1474.928376523098
3,83.60000000000001,1482.0632571356862
3,83.7,1487.95967947919
3,83.8,1492.9665360754454
3,83.9,1496.939453179794
3,84.0,1502.5514303158986
3,84.10000000000001,1510.6156636840608
3,84.2,1521.1269460153933
3,84.3,1532.844684553472
3,84.4,1545.4303223158663
3,84.5,1553.8941486478805
3,84.60000000000001,1549.8850598537065
3,84.7,1540.2732376917077
3,84.8,1530.478634244284
3,84.9,1515.5527059898984
3,85.0,1500.9484449061922
3,85.10000000000001,1485.999962000669
3,85.2,1468.6632795391486
3,85.3,1454.2060223502435
3,85.4,1446.0603936349787
3,85.5,1438.0464513945858
3,85.60000000000001,1431.6788170883706
3,85.7,1423.5544545760042
3,85.8,1417.49133288003
3,85.9,1408.485494526834
3,86.0,1404.0304802456697
3,86.10000000000001,1400.4105034973695
3,86.2,1402.598312371432
3,86.3,1407.828401730569
3,86.4,1414.1634495380588
3,86.5,1418.957056847912
3,86.60000000000001,1426.4644855272254
3,86.7,1430.8710105166929
3,86.8,1431.1798171619262
3,86.9,1433.8006064455894
3,87.0,1437.910465465214
3,87.10000000000001,1440.6575144362832
3,87.2,1437.7602203391216
3,87.3,1432.1241041884452
3,87.4,1427.9042167115206
3,87.5,1425.1579024229595
3,87.60000000000001,1423.9495257819206
3,87.7,1420.168589142092
3,87.8,1414.876677448136
3,87.9,1406.1812111593454
3,88.0,1399.435126065319
3,88.10000000000001,1396.308281836884
3,88.2,1396.4648819523884
3,88.3,1398.1012665513122
3,88.4,1396.8952549478756
3,88.5,1395.1241573462628
3,88.60000000000001,1394.6460793486094
3,88.7,1389.699160313007
3,88.8,1375.4900738633569
3,88.9,1363.5104652036998
3,89.0,1353.081510185517
3,89.10000000000001,1343.0403457475531
3,89.2,1333.404249939861
3,89.3,1323.776632412927
3,89.4,1313.8163132056886
3,89.5,1304.1292668130204
3,89.60000000000001,1297.2588070631275
3,89.7,1289.8178596409766
3,89.8,1284.4199605164704
3,89.9,1282.5620800387394
3,90.0,1283.229751729055
3,90.1,1285.6335008544042
3,90.2,1287.7602450464285
3,90.3,1281.798640272145
3,90.4,1273.4506339376594
3,90.5,1266.460253160316
3,90.6,1262.0005354644525
3,90.7,1261.412676874062
3,90.8,1262.9375287156602
3,90.9,1264.729116218822
3,91.0,1265.75110895202
3,91.1,1268.5755863440631
3,91.2,1273.139787209365
3,91.3,1277.3313915888734
3,91.4,1281.1865895440772
3,91.5,1282.3418410789168
3,91.6,1279.092678686343
3,91.7,1274.079987322564
3,91.8,1268.1600149537428
3,91.9,1257.9689291709349
3,92.0,1247.9425018660495
3,92.1,1237.4931530909903
3,92.2,1228.5945030734392
3,92.3,1220.0754948615493
3,92.4,1213.3200680055563
3,92.5,1206.9303736660493
3,92.6,1200.988935385844
3,92.7,1196.1701548165668
3,92.8,1188.1895828909
3,92.9,1179.4411255228897
3,93.0,1172.8188843926998
3,93.1,1169.1257607602793
3,93.2,1169.2501601270512
3,93.3,1167.6211242431805
3,93.4,1166.4809020533487
3,93.5,1168.1026482935072
3,93.6,1171.432302643281
3,93.7,1176.4615479880345
3,93.8,1181.6937503139156
3,93.9,1185.7428620442197
3,94.0,1184.3376354818915
3,94.1,1177.5600653594472
3,94.2,1172.7513009667605
3,94.3,1168.3694387464143
3,94.4,1163.8190877801585
3,94.5,1160.2329062473857
3,94.6,1157.0057630260403
3,94.7,1155.9952804537031
3,94.8,1155.955141677284
3,94.9,1157.671612725407
3,95.0,1161.5785250396978
3,95.1,1167.3575146601618
3,95.2,1172.6487479907703
3,95.3,1171.7201866672938
3,95.4,1169.869169741322
3,95.5,1165.722151148008
3,95.6,1163.026578455385
3,95.7,1161.9673418752366
3,95.8,1161.0072747312386
3,95.9,1155.6654289767723
3,96.0,1150.7494268006562
3,96.1,1146.968037932409
3,96.2,1142.213326585132
3,96.3,1138.0488384884177
3,96.4,1137.6469599907796
3,96.5,1141.7530545977577
3,96.6,1150.7132826444326
3,96.7,1164.540091640122
3,96.8,1177.927348394504
3,96.9,1192.1824708296435
3,97.0,1207.1926112429958
3,97.1,1217.0296282129336
3,97.2,1222.3949193859928
3,97.3,1224.6685677758544
3,97.4,1219.0753587516265
3,97.5,1213.5568488108206
3,97.6,1208.386797776342
3,97.7,1202.3531972404323
3,97.8,1194.9645431202684
3,97.9,1193.0245752720186
3,98.0,1191.3100984720895
3,98.1,1191.2703231998037
3,98.2,1196.738476797684
3,98.3,1206.8938358391931
3,98.4,1222.0948056337495
3,98.5,1244.4671101937945
3,98.6,1260.1093311320044
3,98.7,1270.9799767605475
3,98.8,1285.3887833153212
3,98.9,1296.6024771182929
3,99.0,1306.0779384139853
3,99.1,1315.0203438017743
3,99.2,1323.455888582751
3,99.3,1332.655483975279
3,99.4,1342.8084792844531
3,99.5,1352.2257825070308
3,99.6,1362.36836300922
3,99.7,1364.811995759707
3,99.8,1365.884014246819
3,99.9,1364.4376875763082
3,100.0,1361.8489417332075
4,0.0,0.0
4,0.1,8.5265e-12
4,0.2,3.4106e-11
4,0.3,7.67386e-11
4,0.4,1.193711e-10
4,0.5,1.620037e-10
4,0.6,2.046363e-10
4,0.7000000000000001,2.472688e-10
4,0.8,3.012701e-10
4,0.9,3.581135e-10
4,1.0,4.149569e-10
4,1.1,0.0002042160279144
4,1.2,0.0015243024346768
4,1.3,0.002856018931063
4,1.4,0.0041888153301182
4,1.5,0.0055223797685701
4,1.6,0.0068567713086588
4,1.7000000000000002,0.0081915918509356
4,1.8,0.0094728691658565
4,1.9,0.010668073052537
4,2.0,0.0118653680512643
4,2.1,0.0130643220979468
4,2.2,0.0142646139509366
4,2.3000000000000003,0.0154659995439042
4,2.4,0.0167461551640007
4,2.5,0.0202658773509864
4,2.6,0.0241621041472984
4,2.7,0.027983479912194
4,2.8000000000000003,0.0323984040184712
4,2.9000000000000004,0.0368465222032035
4,3.0,0.0413252574867279
4,3.1,0.0458317679262452
4,3.2,0.0503618474665101
4,3.3000000000000003,0.0571684766569948
4,3.4000000000000004,0.0676851611405989
4,3.5,0.0789873515863118
4,3.6,0.0928027348315748
4,3.7,0.1103258446896681
4,3.8,0.1289510415826593
4,3.9,0.1477975238933597
4,4.0,0.1725794564348144
4,4.1000000000000005,0.2221431943060752
4,4.2,0.2811622679229714
4,4.3,0.3597907507931713
4,4.4,0.4420138173119805
4,4.5,0.5253864233224536
4,4.6000000000000005,0.6093637532058277
4,4.7,0.6936314400883296
4,4.8,0.782614723698007
4,4.9,0.9367893328790776
4,5.0,1.0949871949480934
4,5.1000000000000005,1.254020097785717
4,5.2,1.4134045584663728
4,5.3,1.5729817492442528
4,5.4,1.7326706097446736
4,5.5,1.892429471720044
4,5.6000000000000005,2.05223603937012
4,5.7,2.62808030003384
4,5.800000000000001,3.32884743593666
4,5.9,4.060087626985345
4,6.0,4.798933067236143
4,6.1000000000000005,5.544956917111431
4,6.2,6.295264209897347
4,6.300000000000001,7.049185598790248
4,6.4,8.258397750288783
4,6.5,9.367810696550384
4,6.6000000000000005,10.591622444439476
4,6.7,11.827512408368989
4,6.800000000000001,13.077195392984596
4,6.9,14.334940724066469
4,7.0,15.596745741036836
4,7.1000000000000005,16.838102244079884
4,7.2,18.124754722049712
4,7.300000000000001,19.393437324824948
4,7.4,20.664817916667307
4,7.5,21.93716084032288
4,7.6,23.218543374264076
4,7.7,24.50340604888117
4,7.800000000000001,25.141565662115852
4,7.9,26.20552160642504
4,8.0,29.8194879395956
4,8.1,34.07859342812603
4,8.200000000000001,39.62194970273912
4,8.3,49.7059816313398
4,8.4,60.15864145831595
4,8.5,70.84229459116865
4,8.6,84.29521446100557
4,8.700000000000001,103.47737053989434
4,8.8,124.66573651207187
4,8.9,146.582120685603
4,9.0,157.48567931093373
4,9.1,169.09964221008403
4,9.2,187.4705714512037
4,9.3,211.19362088822635
4,9.4,237.7498421524501
4,9.5,263.7686852223851
4,9.6,289.696458386708
4,9.7,315.2651706894817
4,9.8,339.3184898719279
4,9.9,362.3215046248493
4,10.0,384.3022462181942
4,10.1,406.3411337353453
4,10.2,428.9191949066617
4,10.3,452.22339537351183
4,10.4,473.35224708116846
4,10.5,494.1736468234402
4,10.6,516.3285954553769
4,10.7,538.2582308891704
4,10.8,564.2517128709441
4,10.9,588.5319575555434
4,11.0,614.5827144782877
4,11.1,638.3979217216386
4,11.2,662.9394751385944
4,11.3,691.387861613745
4,11.4,718.9426518397202
4,11.5,742.4087107150361
4,11.6,767.4054629581382
4,11.7,794.2350777361129
4,11.8,823.653299030096
4,11.9,854.6668924523215
4,12.0,885.735093120869
4,12.1,915.819820514017
4,12.2,944.0269008556912
4,12.3,972.5705232613748
4,12.4,1002.5004394248384
4,12.5,1030.3649350564715
4,12.6,1050.0986130108597
4,12.7,1062.0129703656792
4,12.8,1074.7872677719788
4,12.9,1085.3773982793664
4,13.0,1094.4432723495
4,13.1,1103.2695087577742
4,13.2,1110.6514050305018
4,13.3,1119.0944890760688
4,13.4,1131.0117087644912
4,13.5,1150.19766463485
4,13.6,1167.9692978242267
4,13.7,1181.7796479232527
4,13.8,1194.6870755028194
4,13.9,1199.8433520212886
4,14.0,1205.586880957181
4,14.1,1213.506884718829
4,14.2,1223.2603875898274
4,14.3,1234.7886699214073
4,14.4,1247.8004073844688
4,14.5,1259.5092006963614
4,14.6,1266.0523070792417
4,14.7,1270.7358667829426
4,14.8,1275.7872242197634
4,14.9,1281.9717042050904
4,15.0,1290.105922979292
4,15.1,1299.4119186584678
4,15.2,1310.250616737564
4,15.3,1323.101174209212
4,15.4,1336.4002218850187
4,15.5,1350.4797745248122
4,15.6,1366.3045968423803
4,15.7,1382.0613806552376
4,15.8,1398.7322930050457
4,15.9,1416.6461654648992
4,16.0,1435.6732912691946
4,16.1,1456.637294637835
4,16.2,1470.885310656461
4,16.3,1480.6360801028666
4,16.400000000000002,1481.760573154117
4,16.5,1483.7933691702624
4,16.6,1491.6565693283897
4,16.7,1500.9345908798905
4,16.8,1507.265078553603
4,16.900000000000002,1511.4835382516433
4,17.0,1516.8682068633398
4,17.1,1523.0870207212215
4,17.2,1524.6555895828387
4,17.3,1515.4302030684005
4,17.400000000000002,1502.929447380314
4,17.5,1489.248030140389
4,17.6,1473.361239733959
4,17.7,1457.997846863002
4,17.8,1445.1166343094394
4,17.900000000000002,1434.699686145049
4,18.0,1425.4672828847056
4,18.1,1418.4329035411745
4,18.2,1416.346928659653
4,18.3,1418.087266217643
4,18.4,1421.847431542533
4,18.5,1427.5938199977222
4,18.6,1432.0814465131664
4,18.7,1434.34253060346
4,18.8,1436.1613806741798
4,18.9,1438.6171061864743
4,19.0,1440.961532970457
4,19.1,1432.8424426312406
4,19.2,1423.4611585587456
4,19.3,1409.1854146207318
4,19.4,1396.010043598782
4,19.5,1385.344366186244
4,19.6,1376.1326627186909
4,19.7,1368.1126633499084
4,19.8,1361.2960943346905
4,19.9,1354.9520140767795
4,20.0,1344.7220695276912
4,20.1,1334.9195993348274
4,20.2,1329.1674553802668
4,20.3,1324.001984812563
4,20.4,1320.4756652641183
4,20.5,1319.5763385659243
4,20.6,1321.2077774571742
4,20.7,1325.3516499121804
4,20.8,1325.494207432921
4,20.9,1327.3721709316394
4,21.0,1329.8049412774285
4,21.1,1334.0231504696042
4,21.2,1339.9711366090385
4,21.3,1347.5887563216818
4,21.4,1355.777695312301
4,21.5,1361.0674914479437
4,21.6,1369.4771306300715
4,21.7,1381.3497586900785
4,21.8,1384.636904510071
4,21.9,1388.3802467985768
4,22.0,1396.2972590790064
4,22.1,1406.2673178924645
4,22.2,1417.764686475912
4,22.3,1425.385113413705
4,22.4,1434.0508332250977
4,22.5,1444.3729522665571
4,22.6,1459.9849393314703
4,22.700000000000003,1473.0885644578616
4,22.8,1487.7150388113944
4,22.9,1502.942070090276
4,23.0,1514.0002584645945
4,23.1,1523.2618460419724
4,23.200000000000003,1530.450895228788
4,23.3,1538.1966123017444
4,23.4,1546.4348214727545
4,23.5,1555.2184731276675
4,23.6,1564.02675309472
4,23.700000000000003,1570.382712847945
4,23.8,1574.4339456195153
4,23.9,1576.820137663821
4,24.0,1577.06889964887
4,24.1,1575.4171929509932
4,24.200000000000003,1575.389070525432
4,24.3,1571.5220616502595
4,24.4,1564.840105636676
4,24.5,1555.8168577049107
4,24.6,1545.6431476858706
4,24.700000000000003,1538.3252881048772
4,24.8,1534.0271330403104
4,24.9,1529.8476136555885
4,25.0,1525.95260154306
4,25.1,1523.7951073511842
4,25.200000000000003,1523.2055598685197
4,25.3,1524.0417327964365
4,25.4,1530.2507437938586
4,25.5,1537.9024917024494
4,25.6,1545.5918726695725
4,25.700000000000003,1546.8984447017633
4,25.8,1547.8288325604922
4,25.9,1548.685043746796
4,26.0,1552.26941059547
4,26.1,1558.298134398713
4,26.200000000000003,1563.4503447118248
4,26.3,1567.1740630253282
4,26.4,1568.3563517937505
4,26.5,1570.7857740394752
4,26.6,1571.0376867673374
4,26.700000000000003,1565.718755624263
4,26.8,1553.0403562946608
4,26.9,1541.5034202925524
4,27.0,1531.1370657554314
4,27.1,1521.4262936421007
4,27.200000000000003,1510.678924031147
4,27.3,1499.7172906740334
4,27.4,1479.7874230988198
4,27.5,1457.516893890599
4,27.6,1437.124194248407
4,27.700000000000003,1418.7254745377454
4,27.8,1402.622519592694
4,27.9,1388.7445461644077
4,28.0,1374.5737113856492
4,28.1,1362.8196825107648
4,28.200000000000003,1353.5950509429229
4,28.3,1347.0386303044197
4,28.4,1343.3258244591448
4,28.5,1342.5738912266745
4,28.6,1344.7033290653158
4,28.700000000000003,1349.4528556838302
4,28.8,1356.1687790606013
4,28.9,1363.2048601603333
4,29.0,1363.227040102475
4,29.1,1364.7762218196212
4,29.200000000000003,1367.9879473259252
4,29.3,1368.282262244764
4,29.4,1364.6273476984195
4,29.5,1360.4498152142726
4,29.6,1353.474717066596
4,29.700000000000003,1347.8057266418266
4,29.8,1343.5771468852563
4,29.9,1343.6725006455836
4,30.0,1340.5237713686663
4,30.1,1338.349938528511
4,30.200000000000003,1337.355075920091
4,30.3,1338.7439552591434
4,30.4,1343.4821341348447
4,30.5,1350.0463937730613
4,30.6,1358.1783289007155
4,30.700000000000003,1364.2722615668029
4,30.8,1369.5765545689387
4,30.9,1375.9821159793032
4,31.0,1379.7927132525929
4,31.1,1380.1221636472917
4,31.200000000000003,1371.0982437761315
4,31.3,1359.5024013239256
4,31.4,1348.9772180219795
4,31.5,1331.8224688012317
4,31.6,1311.7405718729449
4,31.700000000000003,1292.224470205496
4,31.8,1273.529839582547
4,31.9,1255.450146631949
4,32.0,1241.373958996276
4,32.1,1229.0749737490282
4,32.2,1217.7690220443894
4,32.300000000000004,1208.5819092943514
4,32.4,1197.7747784747444
4,32.5,1184.6402675971872
4,32.6,1168.876174551626
4,32.7,1154.2205993231917
4,32.800000000000004,1141.9231727500355
4,32.9,1134.5376919577022
4,33.0,1124.257508794606
4,33.1,1107.9287229325291
4,33.2,1097.088280283568
4,33.300000000000004,1090.0952872755786
4,33.4,1084.7072042940322
4,33.5,1080.0627341451352
4,33.6,1075.7957024750583
4,33.7,1072.0340286500589
4,33.800000000000004,1066.786880224843
4,33.9,1060.967981776848
4,34.0,1058.2226807575212
4,34.1,1057.6572317820371
4,34.2,1060.5248404954975
4,34.300000000000004,1067.0397150982349
4,34.4,1074.9511206909929
4,34.5,1081.5323253968074
4,34.6,1089.597184540844
4,34.7,1096.2248635183316
4,34.800000000000004,1104.3336124383725
4,34.9,1103.6575238882124
4,35.0,1094.810418617917
4,35.1,1087.6519202366355
4,35.2,1081.8167339474858
4,35.300000000000004,1071.847178636278
4,35.4,1063.206892974761
4,35.5,1056.185129947128
4,35.6,1051.6766514099738
4,35.7,1050.1814345223404
4,35.800000000000004,1056.3295075978076
4,35.9,1063.119879133897
4,36.0,1070.8550316406586
4,36.1,1081.9262061931504
4,36.2,1095.302312934834
4,36.3,1111.7881099412198
4,36.4,1124.8493886995368
4,36.5,1137.9278215001111
4,36.6,1151.8000736023482
4,36.7,1167.2466756163024
4,36.8,1184.2482903937462
4,36.9,1196.2818852111363
4,37.0,1204.917766981148
4,37.1,1213.6244889012785
4,37.2,1224.160391538871
4,37.3,1235.5625029239886
4,37.4,1247.7245010814074
4,37.5,1260.0875920489234
4,37.6,1272.316443021443
4,37.7,1281.0662625124812
4,37.8,1289.537125346507
4,37.9,1293.502841491926
4,38.0,1296.2603356364098
4,38.1,1294.5744381896031
4,38.2,1288.7442415805126
4,38.3,1283.923810775549
4,38.4,1275.1876020583863
4,38.5,1266.626559829021
4,38.6,1257.9844964841836
4,38.7,1251.4746598838965
4,38.8,1247.6390327641575
4,38.9,1249.3088964652277
4,39.0,1254.604185207471
4,39.1,1253.9598020945182
4,39.2,1253.8439171484076
4,39.3,1255.5348121033064
4,39.4,1259.7531504962303
4,39.5,1263.0491213218318
4,39.6,1264.211992926775
4,39.7,1266.2983689325354
4,39.8,1270.6742264733873
4,39.9,1276.0585725136664
4,40.0,1282.625638601546
4,40.1,1291.0370625061964
4,40.2,1302.0985479328906
4,40.3,1313.6499676213425
4,40.4,1324.1571387842855
4,40.5,1336.7402650963772
4,40.6,1351.4982641582258
4,40.7,1367.7017287883373
4,40.8,1385.1759370078976
4,40.9,1403.676349735501
4,41.0,1423.0482909737336
4,41.1,1438.902335348947
4,41.2,1450.822832752383
4,41.3,1452.541145094587
4,41.4,1451.6162527455422
4,41.5,1449.6217143997746
4,41.6,1448.8760480970675
4,41.7,1446.2682309201496
4,41.8,1439.882608076454
4,41.9,1434.0692250650309
4,42.0,1430.0724320543638
4,42.1,1427.7137460789593
4,42.2,1427.1814223984084
4,42.3,1425.315037334322
4,42.4,1423.3122912702202
4,42.5,1419.6644057075412
4,42.6,1415.6986369078477
4,42.7,1412.790940661977
4,42.8,1410.8327410879533
4,42.9,1404.3498462950167
4,43.0,1398.7154483018671
4,43.1,1394.3451214846764
4,43.2,1392.309269225874
4,43.3,1391.976161943134
4,43.4,1388.5111305784203
4,43.5,1383.4175767627491
4,43.6,1379.2979549385357
4,43.7,1374.9753393557455
4,43.8,1368.374868627152
4,43.9,1367.3104299279378
4,44.0,1361.5255779299164
4,44.1,1354.3249287434942
4,44.2,1346.2329168703557
4,44.3,1339.3988921374448
4,44.4,1334.3404563046624
4,44.5,1329.3147935168026
4,44.6,1324.9686526987189
4,44.7,1320.5284710571448
4,44.8,1316.0695669825984
4,44.900000000000006,1312.3730757630128
4,45.0,1309.7218726205565
4,45.1,1308.3040135529577
4,45.2,1307.5814640737842
4,45.3,1309.1034461572542
4,45.400000000000006,1318.6453846172435
4,45.5,1327.7466835163293
4,45.6,1337.7846164829018
4,45.7,1348.910763053467
4,45.8,1361.3254278544534
4,45.900000000000006,1375.187519328782
4,46.0,1382.9191605443336
4,46.1,1387.4790722624357
4,46.2,1385.8171190234216
4,46.3,1384.83719758214
4,46.400000000000006,1385.3190083802936
4,46.5,1385.9053906776282
4,46.6,1387.1905609618764
4,46.7,1391.332039768255
4,46.8,1398.3775177601667
4,46.900000000000006,1405.8457901394988
4,47.0,1410.6873490120497
4,47.1,1417.001645715493
4,47.2,1423.8001308500209
4,47.3,1430.142997488462
4,47.400000000000006,1436.7973369323297
4,47.5,1441.538501440599
4,47.6,1446.5434755318051
4,47.7,1453.6670065259568
4,47.8,1462.792725977307
4,47.900000000000006,1470.7921847347452
4,48.0,1481.5687035987703
4,48.1,1489.786555310347
4,48.2,1488.1997369467622
4,48.3,1486.253604630572
4,48.400000000000006,1485.1362410752238
4,48.5,1484.7556535530937
4,48.6,1484.3412403197694
4,48.7,1482.5597814469816
4,48.8,1480.571311029668
4,48.900000000000006,1479.7559672253292
4,49.0,1479.3931422326675
4,49.1,1475.9706674885138
4,49.2,1472.707435028027
4,49.3,1470.378147592928
4,49.400000000000006,1469.0187987257827
4,49.5,1465.2516065708137
4,49.6,1461.277121885348
4,49.7,1458.3479694228145
4,49.8,1455.399281361219
4,49.900000000000006,1447.2686837390731
4,50.0,1431.5683222327757
4,50.1,1414.7710122817523
4,50.2,1394.411363995372
4,50.3,1374.3433102003996
4,50.400000000000006,1357.0027259558574
4,50.5,1342.0887159159274
4,50.6,1327.2514069480123
4,50.7,1315.3095548265526
4,50.8,1306.0785234917755
4,50.900000000000006,1299.3560110734045
4,51.0,1294.4234725869817
4,51.1,1288.929299991604
4,51.2,1283.8583928612802
4,51.3,1280.4289774506587
4,51.400000000000006,1277.1909836320242
4,51.5,1273.541144893897
4,51.6,1272.6284692494787
4,51.7,1271.7890572960284
4,51.8,1267.6093336599015
4,51.900000000000006,1261.222344143314
4,52.0,1256.5556246589367
4,52.1,1253.3784171831037
4,52.2,1251.5552454852111
4,52.3,1251.015956983078
4,52.400000000000006,1254.9680655401066
4,52.5,1260.4260337201736
4,52.6,1263.2126517152662
4,52.7,1263.8975140994744
4,52.8,1264.7681404357645
4,52.900000000000006,1267.3082321750123
4,53.0,1266.313453401439
4,53.1,1265.069577795888
4,53.2,1262.9769138584606
4,53.3,1262.5397915757137
4,53.400000000000006,1261.9139101825317
4,53.5,1259.7421000365364
4,53.6,1259.275226809982
4,53.7,1260.2977806975616
4,53.8,1255.2476280475714
4,53.900000000000006,1250.5215666099443
4,54.0,1243.5346207944146
4,54.1,1237.6303043921182
4,54.2,1227.648724076376
4,54.3,1214.1180196076991
4,54.400000000000006,1200.0511964276316
4,54.5,1187.6962860101137
4,54.6,1177.3534943708007
4,54.7,1169.029958704366
4,54.8,1162.5479736364905
4,54.900000000000006,1155.4549466615188
4,55.0,1148.850889612183
4,55.1,1143.2508862919562
4,55.2,1139.9182650763694
4,55.3,1138.8775192097685
4,55.400000000000006,1136.925862599941
4,55.5,1128.893442597744
4,55.6,1121.609775408377
4,55.7,1114.8270366587185
4,55.8,1109.6069386584206
4,55.900000000000006,1102.4408791937017
4,56.0,1096.3896430238008
4,56.1,1092.732604111119
4,56.2,1093.3130114271903
4,56.3,1092.2166396330856
4,56.400000000000006,1090.166242599461
4,56.5,1088.8582016991015
4,56.6,1085.5840526402822
4,56.7,1084.1453772719722
4,56.8,1085.5697956815695
4,56.900000000000006,1088.1420488053122
4,57.0,1088.373602575889
4,57.1,1089.8208525227656
4,57.2,1092.3901539373728
4,57.3,1097.710222939612
4,57.400000000000006,1102.4566021855258
4,57.5,1105.6089158310656
4,57.6,1109.9060788844845
4,57.7,1113.9840061503762
4,57.8,1119.993132944281
4,57.900000000000006,1129.336048105943
4,58.0,1143.8259005269108
4,58.1,1157.3411256195147
4,58.2,1170.0323452662508
4,58.3,1178.6833785146728
4,58.400000000000006,1183.0759543926777
4,58.5,1184.0032171325245
4,58.6,1186.282736036172
4,58.7,1190.6976520083613
4,58.8,1197.2994415718654
4,58.900000000000006,1206.1511520138122
4,59.0,1211.9109646592387
4,59.1,1217.564491500055
4,59.2,1225.3227294778362
4,59.3,1228.5525241547512
4,59.400000000000006,1230.5646462389814
4,59.5,1234.7999813041226
4,59.6,1240.3704119404945
4,59.7,1241.7853063941382
4,59.8,1240.324624401602
4,59.900000000000006,1238.579321442407
4,60.0,1237.1775496216749
4,60.1,1231.8309245840023
4,60.2,1222.617475332337
4,60.3,1210.8067007790398
4,60.400000000000006,1195.0386526810155
4,60.5,1182.213980062736
4,60.6,1177.177957363063
4,60.7,1174.0902657609652
4,60.8,1179.2685219228233
4,60.900000000000006,1191.3292131897958
4,61.0,1205.1501125786351
4,61.1,1214.4584519173018
4,61.2,1220.0895009666344
4,61.3,1225.6910774098565
4,61.400000000000006,1230.3820215157184
4,61.5,1236.9022742094824
4,61.6,1243.693001470604
4,61.7,1251.6127945377375
4,61.8,1260.5021014539952
4,61.900000000000006,1269.553007743324
4,62.0,1274.0114350656936
4,62.1,1278.899820158386
4,62.2,1285.3357830158711
4,62.3,1293.3682471639904
4,62.400000000000006,1298.959439495604
4,62.5,1300.1411597197186
4,62.6,1299.0667045058044
4,62.7,1298.885880228764
4,62.8,1297.941682285159
4,62.900000000000006,1296.3125505584992
4,63.0,1295.7733369684
4,63.1,1295.3991694043557
4,63.2,1296.6623523773003
4,63.3,1301.1105332130178
4,63.400000000000006,1306.493866293058
4,63.5,1317.590830490342
4,63.6,1332.4461511796835
4,63.7,1347.7461951003215
4,63.8,1360.320793139123
4,63.900000000000006,1370.67361334708
4,64.0,1373.803529422482
4,64.10000000000001,1378.6427056169634
4,64.2,1385.1299244126872
4,64.3,1388.081382212162
4,64.4,1388.9512641303174
4,64.5,1391.8761771020672
4,64.60000000000001,1396.1734502343952
4,64.7,1400.2584174231984
4,64.8,1406.0096078347842
4,64.9,1413.2050769879493
4,65.0,1420.2247375343736
4,65.10000000000001,1423.7182686374065
4,65.2,1425.1531218690932
4,65.3,1424.467605583634
4,65.4,1425.044569070877
4,65.5,1426.8704545860328
4,65.60000000000001,1429.407406869024
4,65.7,1433.217853699102
4,65.8,1437.1568813416834
4,65.9,1439.7524787220157
4,66.0,1437.218980334998
4,66.10000000000001,1434.599676654425
4,66.2,1430.1199000881993
4,66.3,1427.4662877784324
4,66.4,1427.7240590067784
4,66.5,1430.7913512923203
4,66.60000000000001,1436.324148196376
4,66.7,1436.7503754981008
4,66.8,1437.1561907474347
4,66.9,1434.2557305845291
4,67.0,1436.58612244221
4,67.10000000000001,1437.1968524578674
4,67.2,1437.059905145489
4,67.3,1431.1572098596057
4,67.4,1423.3619073759503
4,67.5,1417.7508270758656
4,67.60000000000001,1424.0662210322205
4,67.7,1434.3437274937487
4,67.8,1446.0648952595673
4,67.9,1454.6533102448432
4,68.0,1459.970599278652
4,68.10000000000001,1466.3917690720982
4,68.2,1475.1560372166375
4,68.3,1480.3936823607205
4,68.4,1478.4642936766552
4,68.5,1478.4843082142088
4,68.60000000000001,1480.2260015820077
4,68.7,1483.386373331986
4,68.8,1487.6599279739858
4,68.9,1493.0344250467483
4,69.0,1499.4559683228315
4,69.10000000000001,1506.8088863870285
4,69.2,1514.59297413988
4,69.3,1523.2770919822394
4,69.4,1531.5447222201062
4,69.5,1538.3114403435234
4,69.60000000000001,1547.1225633331396
4,69.7,1555.0134314268314
4,69.8,1565.0878923456037
4,69.9,1573.9755187136602
4,70.0,1583.7175019963945
4,70.10000000000001,1594.0941606383794
4,70.2,1603.3698917179183
4,70.3,1611.2990373831085
4,70.4,1610.82667552179
4,70.5,1601.7417679868304
4,70.60000000000001,1587.483132689821
4,70.7,1569.847098767743
4,70.8,1554.3204825857174
4,70.9,1538.4587000484291
4,71.0,1520.904887217999
4,71.10000000000001,1504.3269693744935
4,71.2,1488.5370825074556
4,71.3,1473.8583975783158
4,71.4,1460.3812508538904
4,71.5,1447.036158946042
4,71.60000000000001,1435.62285380827
4,71.7,1429.0629099906855
4,71.8,1424.022236942467
4,71.9,1422.7579572698478
4,72.0,1422.4474327932617
4,72.10000000000001,1419.3655430563729
4,72.2,1417.8958180366608
4,72.3,1417.8172809857667
4,72.4,1419.679773145053
4,72.5,1429.5065896781591
4,72.60000000000001,1441.593315844959
4,72.7,1451.3796908970942
4,72.8,1461.7652652955662
4,72.9,1464.6622701968572
4,73.0,1463.638579329477
4,73.10000000000001,1461.883784124945
4,73.2,1461.3704853497975
4,73.3,1460.4898116374925
4,73.4,1454.3536207198915
4,73.5,1449.8185894848923
4,73.60000000000001,1442.7466714137836
4,73.7,1434.857541260885
4,73.8,1428.3229209974616
4,73.9,1423.500929581023
4,74.0,1422.55480465894
4,74.10000000000001,1423.9541626539378
4,74.2,1426.195803867111
4,74.3,1429.5572246210768
4,74.4,1437.6155458497449
4,74.5,1449.583780614632
4,74.60000000000001,1461.5013259454215
4,74.7,1473.588738843221
4,74.8,1487.3626873770052
4,74.9,1500.9756231843212
4,75.0,1516.2086996493542
4,75.10000000000001,1532.970004993592
4,75.2,1547.628894411632
4,75.3,1557.6139200914913
4,75.4,1565.526564014826
4,75.5,1566.6029189489138
4,75.60000000000001,1560.4981394362137
4,75.7,1556.5810086999963
4,75.8,1555.3367903020371
4,75.9,1556.111621271794
4,76.0,1551.28801076835
4,76.10000000000001,1544.3587049090977
4,76.2,1531.9202171055306
4,76.3,1516.0138012578905
4,76.4,1495.1368421276948
4,76.5,1475.905220562472
4,76.60000000000001,1458.0602408959437
4,76.7,1437.818380923257
4,76.8,1417.630068674175
4,76.9,1394.482630724194
4,77.0,1367.7658270980546
4,77.10000000000001,1343.0521527067538
4,77.2,1321.1121023886003
4,77.3,1303.1603565188057
4,77.4,1289.135062136725
4,77.5,1275.261931693694
4,77.60000000000001,1269.424277252866
4,77.7,1266.152144362528
4,77.8,1265.3535977610154
4,77.9,1266.6084815581107
4,78.0,1269.8691066870856
4,78.10000000000001,1275.113723842912
4,78.2,1281.348897592137
4,78.3,1288.4080036961595
4,78.4,1296.7586975817112
4,78.5,1300.6975594616065
4,78.60000000000001,1303.8280046371024
4,78.7,1307.3291044035548
4,78.8,1311.8350109306143
4,78.9,1318.396857335451
4,79.0,1326.140778038599
4,79.10000000000001,1334.2356904760563
4,79.2,1343.9358570257357
4,79.3,1355.1387588248
4,79.4,1368.494230390056
4,79.5,1376.359668009416
4,79.60000000000001,1384.4215183790143
4,79.7,1393.766581578103
4,79.8,1398.9428496073751
4,79.9,1400.1243517348942
4,80.0,1402.0143915338488
4,80.10000000000001,1404.8844411135296
4,80.2,1407.6008730772774
4,80.3,1410.0189732397434
4,80.4,1402.973953379476
4,80.5,1396.7813160485086
4,80.60000000000001,1387.09517213768
4,80.7,1376.8077987351005
4,80.8,1365.9869111847884
4,80.9,1356.4278191961816
4,81.0,1349.3992599181267
4,81.10000000000001,1339.1431957901725
4,81.2,1330.8046701460748
4,81.3,1323.070437596953
4,81.4,1316.0995654312192
4,81.5,1310.2075218263644
4,81.60000000000001,1303.315672945137
4,81.7,1297.3824756110946
4,81.8,1291.8623233026667
4,81.9,1284.7213775436542
4,82.0,1284.9244343649652
4,82.10000000000001,1287.5639655710852
4,82.2,1291.6004734243345
4,82.3,1296.9843507961111
4,82.4,1303.5237091374613
4,82.5,1310.845993430581
4,82.60000000000001,1318.804377753021
4,82.7,1325.2601903163363
4,82.8,1326.350305681934
4,82.9,1323.390418843628
4,83.0,1320.466914657145
4,83.10000000000001,1318.5346984134633
4,83.2,1314.901518143876
4,83.3,1310.691893585728
4,83.4,1305.9136047704387
4,83.5,1302.7274832497392
4,83.60000000000001,1301.1927050324646
4,83.7,1300.5013184622314
4,83.8,1298.5753861227963
4,83.9,1294.5624511552485
4,84.0,1279.2146231590002
4,84.10000000000001,1266.029656094934
4,84.2,1257.8785895402268
4,84.3,1251.5872917719892
4,84.4,1245.181233877302
4,84.5,1238.5677984856916
4,84.60000000000001,1233.3915396432108
4,84.7,1226.568005429031
4,84.8,1222.4724420830012
4,84.9,1220.4938565818857
4,85.0,1222.4068171886406
4,85.10000000000001,1226.542978229889
4,85.2,1227.8904697246355
4,85.3,1236.2330551107618
4,85.4,1245.721755735501
4,85.5,1255.302665720467
4,85.60000000000001,1265.6153022714805
4,85.7,1270.036047615785
4,85.8,1275.1121882073855
4,85.9,1280.2224427928734
4,86.0,1284.0391404149625
4,86.10000000000001,1287.513069407565
4,86.2,1291.7994697629258
4,86.3,1296.5423747035552
4,86.4,1300.851738081092
4,86.5,1305.3870112570537
4,86.60000000000001,1310.5976546508878
4,86.7,1313.1747994888362
4,86.8,1315.799899782199
4,86.9,1316.928335410968
4,87.0,1315.5750612803477
4,87.10000000000001,1303.4626549638574
4,87.2,1284.965419518686
4,87.3,1267.8800628908134
4,87.4,1252.3532632147512
4,87.5,1231.7371800695212
4,87.60000000000001,1208.513149183645
4,87.7,1187.3949226245088
4,87.8,1170.0708403055698
4,87.9,1158.4724024248624
4,88.0,1152.9545412806306
4,88.10000000000001,1151.58501677679
4,88.2,1153.6397787974934
4,88.3,1156.1321980064254
4,88.4,1159.7346037685727
4,88.5,1165.2442048024593
4,88.60000000000001,1171.4734473224262
4,88.7,1178.0855404719084
4,88.8,1185.006530015674
4,88.9,1194.6496971813187
4,89.0,1206.3163566635544
4,89.10000000000001,1215.9376643144058
4,89.2,1226.2333194428488
4,89.30000000000001,1229.6092296982306
4,89.4,1230.359911415962
4,89.5,1232.7881357272618
4,89.60000000000001,1236.686585875316
4,89.7,1239.6195743610422
4,89.80000000000001,1241.6344394454952
4,89.9,1238.8829163924413
4,90.0,1235.427099333027
4,90.1,1233.4000817241858
4,90.2,1230.4824364611673
4,90.3,1218.6672465338763
4,90.4,1203.7993093117286
4,90.5,1189.6369250804146
4,90.6,1184.0897195930677
4,90.7,1180.766186097773
4,90.8,1179.222568758225
4,90.9,1177.8024962296995
4,91.0,1177.353983525683
4,91.1,1180.424790779716
4,91.2,1187.0399844335582
4,91.3,1196.831836007206
4,91.4,1209.1313044901715
4,91.5,1220.3319182322505
4,91.6,1232.2362133176432
4,91.7,1240.4128050040988
4,91.8,1248.7971698415402
4,91.9,1256.568427900586
4,92.0,1265.206716139502
4,92.1,1270.4864680729586
4,92.2,1277.8136361421775
4,92.3,1287.0921076003465
4,92.4,1295.391363314326
4,92.5,1296.236716247014
4,92.6,1295.1498260190976
4,92.7,1293.7491962978008
4,92.8,1290.0132788190767
4,92.9,1282.2594522124257
4,93.0,1273.065365934261
4,93.1,1265.485199481389
4,93.2,1259.656607228226
4,93.3,1248.3344214681954
4,93.4,1232.7688793957109
4,93.5,1227.3125672452088
4,93.6,1231.0644486398332
4,93.7,1237.585847001128
4,93.8,1245.4337626742322
4,93.9,1254.6840283138515
4,94.0,1261.2241428744237
4,94.1,1263.3199115468065
4,94.2,1264.020035473931
4,94.3,1266.947326804646
4,94.4,1270.4838249117588
4,94.5,1274.702274371843
4,94.6,1280.7683751675652
4,94.7,1288.6224094195898
4,94.8,1296.6674146482485
4,94.9,1306.3453703293796
4,95.0,1318.0817743610842
4,95.1,1331.331977875482
4,95.2,1342.8464519774209
4,95.3,1348.2159428445916
4,95.4,1344.7618993697477
4,95.5,1340.911393496827
4,95.6,1337.2630902795224
4,95.7,1332.2517631144694
4,95.8,1327.35861406842
4,95.9,1320.3575525032595
4,96.0,1315.2949020019746
4,96.1,1310.3779518564677
4,96.2,1306.033496869348
4,96.3,1300.4008549834398
4,96.4,1292.970560903674
4,96.5,1285.975926594116
4,96.6,1283.171452042803
4,96.7,1291.8206372360423
4,96.8,1304.8543174313174
4,96.9,1315.73327140703
4,97.0,1326.0594563442762
4,97.1,1337.837144139975
4,97.2,1350.835203421777
4,97.3,1363.05074020101
4,97.4,1364.9389620235224
4,97.5,1367.8509340464614
4,97.6,1371.9587927047685
4,97.7,1377.273986803806
4,97.8,1383.8398514658477
4,97.9,1391.730070141325
4,98.0,1401.0429539450586
4,98.1,1411.887526852583
4,98.2,1424.2839517616774
4,98.3,1437.7324258312024
4,98.4,1450.6640288258654
4,98.5,1464.5544282119008
4,98.6,1476.5696094427124
4,98.7,1487.0956577136112
4,98.8,1498.9782888901218
4,98.9,1506.0182299303312
4,99.0,1510.1464811606863
4,99.1,1510.181987185935
4,99.2,1508.4787128873895
4,99.3,1510.647432095841
4,99.4,1516.5992541144926
4,99.5,1520.7535220788848
4,99.6,1524.025701534369
4,99.7,1528.7959762345415
4,99.8,1535.1024985513766
4,99.9,1538.8937619686803
5,0.0,0.0
5,0.1,3.410605e-10
5,0.2,6.252776e-10
5,0.3,9.094947e-10
5,0.4,1.1937117e-09
5,0.5,1.4779288e-09
5,0.6000000000000001,1.7621459e-09
5,0.7000000000000001,2.046363e-09
5,0.8,2.3305801e-09
5,0.9,2.6147972e-09
5,1.0,2.8990143e-09
5,1.1,3.5348479422e-06
5,1.2000000000000002,2.32590287632e-05
5,1.3,4.31338801363e-05
5,1.4,6.30147030236e-05
5,1.5000000000000002,8.28969922353e-05
5,1.6,0.0001027800931349
5,1.7000000000000002,0.0001226635038156
5,1.8,0.000142119807701
5,1.9,0.0001612093543505
5,2.0,0.0001803648692922
5,2.1,0.0001995882116528
5,2.2,0.0002188789249521
5,2.3000000000000003,0.0002382342324311
5,2.4000000000000004,0.0002603199847261
5,2.5,0.0003318931626354
5,2.6,0.0004167511641258
5,2.7,0.0005091275886305
5,2.8000000000000003,0.0006061557333662
5,2.9000000000000004,0.0007041716867382
5,3.0000000000000004,0.0008026758328214
5,3.1,0.0009014566055053
5,3.2,0.0010004127857131
5,3.3000000000000003,0.0011314776472261
5,3.4000000000000004,0.0013202306708173
5,3.5000000000000004,0.0015260032524136
5,3.6,0.0017368873628051
5,3.7,0.0019693428181566
5,3.8,0.0022099030748873
5,3.9,0.002460322043052
5,4.0,0.0027576789961685
5,4.1000000000000005,0.0033524767413223
5,4.2,0.0040901977998704
5,4.300000000000001,0.0051570105925824
5,4.4,0.0062713743366144
5,4.5,0.0074012818194832
5,4.6000000000000005,0.0085388035632673
5,4.7,0.0096798753907985
5,4.800000000000001,0.0109277315118719
5,4.9,0.0129971709281155
5,5.0,0.015247824909413
5,5.1000000000000005,0.0175232533169912
5,5.2,0.0198060670468533
5,5.300000000000001,0.0220921129906881
5,5.4,0.0243798943217102
5,5.500000000000001,0.0266687318919569
5,5.6000000000000005,0.0289582687334453
5,5.7,0.0359316192368357
5,5.800000000000001,0.0450598744897714
5,5.9,0.0547616955324899
5,6.000000000000001,0.0646566151722655
5,6.1000000000000005,0.0747077432713346
5,6.2,0.084869223380521
5,6.300000000000001,0.0951151898807058
5,6.4,0.1114952759778833
5,6.500000000000001,0.1267964084077872
5,6.6000000000000005,0.1434346209452734
5,6.7,0.1602381137620556
5,6.800000000000001,0.1772357245972723
5,6.9,0.1943498929112888
5,7.000000000000001,0.2115266708831286
5,7.1000000000000005,0.2287240714938022
5,7.2,0.2459530928717085
5,7.300000000000001,0.2632315842201816
5,7.4,0.2805502697119886
5,7.500000000000001,0.2978735251741268
5,7.6,0.3151977048253186
5,7.700000000000001,0.3325647066892549
5,7.800000000000001,0.3641404890739211
5,7.9,0.3840419318025401
5,8.0,0.4512750321349069
5,8.100000000000001,0.5329762029247542
5,8.200000000000001,0.6157885951834171
5,8.3,0.6989335383655841
5,8.4,0.7822305356340586
5,8.5,0.8656145798176929
5,8.600000000000001,1.3573607729233124
5,8.700000000000001,2.1813592152895342
5,8.8,3.010200574193325
5,8.9,3.8401763578218215
5,9.0,4.669480357425307
5,9.1,5.500147240438079
5,9.2,6.330959945852703
5,9.3,7.161867393554445
5,9.4,8.112069133142375
5,9.5,12.405484706019074
5,9.6,22.37028566408118
5,9.7,34.30740172466846
5,9.8,46.53197328192592
5,9.9,58.84799773022021
5,10.0,71.56888353321432
5,10.1,84.53392115986138
5,10.2,97.63085227888928
5,10.3,110.77538288443516
5,10.4,123.94110421108512
5,10.5,137.11826745419566
5,10.6,150.30247392528435
5,10.7,163.57669776529738
5,10.8,177.3140184139151
5,10.9,191.4508158755474
5,11.000000000000002,203.85745179708857
5,11.1,204.0836625528528
5,11.2,203.00242789565
5,11.3,204.11836360487376
5,11.4,205.0004783446404
5,11.500000000000002,204.2576446581908
5,11.6,204.21388698046596
5,11.7,205.3323476765072
5,11.8,208.287745671557
5,11.9,212.8683124546852
5,12.000000000000002,227.9132586830184
5,12.1,250.6587498827124
5,12.2,277.4486161217776
5,12.3,306.4901026533676
5,12.4,338.575976130629
5,12.500000000000002,371.7092944503027
5,12.6,402.9018585259174
5,12.7,429.7863952072262
5,12.8,459.3212645529431
5,12.9,494.32665043528846
5,13.000000000000002,534.2778030769016
5,13.1,573.6076768892218
5,13.2,608.8178413265655
5,13.3,642.4932336389032
5,13.4,677.0387514699111
5,13.500000000000002,707.9556297706415
5,13.6,739.9648179765682
5,13.7,769.8226568888892
5,13.8,795.7432148196245
5,13.9,809.9328188713699
5,14.000000000000002,817.9555216472442
5,14.1,823.5069269682447
5,14.2,829.7585889647868
5,14.3,836.6861603300129
5,14.4,838.9252744435745
5,14.500000000000002,836.2010129822238
5,14.6,832.022708001814
5,14.7,826.2431514199941
5,14.8,820.3240687343368
5,14.9,818.6445009985964
5,15.000000000000002,820.6639016633964
5,15.1,826.6768900536556
5,15.2,835.9334071428505
5,15.3,847.1426893974932
5,15.400000000000002,860.037416688723
5,15.500000000000002,874.1714671330668
5,15.6,887.6476989118507
5,15.7,891.802425587286
5,15.8,895.3162769609131
5,15.900000000000002,890.5001625794847
5,16.0,887.6721080330356
5,16.1,883.3295393511644
5,16.200000000000003,874.1279736884148
5,16.3,866.284407174082
5,16.400000000000002,865.0736620896337
5,16.5,868.0383130410557
5,16.6,874.1668797390131
5,16.700000000000003,878.1884346798024
5,16.8,883.5651864097815
5,16.900000000000002,892.0524570058337
5,17.0,903.5670788917818
5,17.1,916.4826192676866
5,17.200000000000003,929.1144704913588
5,17.3,934.3859980292586
5,17.400000000000002,937.527877744765
5,17.5,940.2361009200764
5,17.6,944.276651901342
5,17.700000000000003,950.0103321533956
5,17.8,954.0909379333476
5,17.900000000000002,955.2366396577636
5,18.0,955.7078542113256
5,18.1,956.3157335628484
5,18.200000000000003,958.7899876577486
5,18.3,964.6869175883322
5,18.4,972.2592865915616
5,18.5,975.5527669523811
5,18.6,974.4963612268476
5,18.700000000000003,974.2686035018507
5,18.8,973.2674087011732
5,18.9,973.6146447937624
5,19.0,975.661168220969
5,19.1,972.9664532840231
5,19.200000000000003,965.8056284550198
5,19.3,957.0121357201944
5,19.4,950.3266889891712
5,19.5,943.391640377274
5,19.6,936.1915266802794
5,19.700000000000003,929.284817825469
5,19.8,923.6664476532734
5,19.9,917.0216478384853
5,20.0,905.3565065156878
5,20.1,892.4215654546098
5,20.200000000000003,879.758860251391
5,20.3,869.0615159401617
5,20.4,860.0205326964583
5,20.5,853.0582198693589
5,20.6,849.7364686722146
5,20.700000000000003,854.2211434872585
5,20.8,866.5760571263387
5,20.9,876.2165653208059
5,21.0,885.1707207959798
5,21.1,896.8631327820433
5,21.200000000000003,910.7861754368548
5,21.3,925.6490873430208
5,21.4,941.0083926397224
5,21.5,957.0033593426526
5,21.6,975.077381820621
5,21.700000000000003,993.168450920362
5,21.8,1003.767499274128
5,21.9,1014.7651877877336
5,22.000000000000004,1027.0947919004914
5,22.1,1040.6176497455292
5,22.200000000000003,1052.9033969156967
5,22.3,1064.178417646995
5,22.4,1075.0479802476243
5,22.500000000000004,1086.8332307786886
5,22.6,1099.5369194641617
5,22.700000000000003,1108.310621591535
5,22.8,1118.0254451189714
5,22.9,1128.3719637499476
5,23.000000000000004,1138.0330635969694
5,23.1,1145.6684264458297
5,23.200000000000003,1154.610031126262
5,23.3,1154.042951841394
5,23.4,1154.7077972399395
5,23.500000000000004,1157.6675007899862
5,23.6,1162.2625034867538
5,23.700000000000003,1166.967384135858
5,23.8,1173.3178022184882
5,23.9,1175.5389456255948
5,24.000000000000004,1173.734533449998
5,24.1,1171.3093349284804
5,24.200000000000003,1170.581164182463
5,24.3,1169.051268177653
5,24.4,1169.07535019321
5,24.500000000000004,1168.930116340988
5,24.6,1169.5922178538071
5,24.700000000000003,1170.8097093804158
5,24.8,1172.7331719820531
5,24.9,1174.066721455459
5,25.000000000000004,1175.5881217485555
5,25.1,1178.5259540843924
5,25.200000000000003,1181.6095622331954
5,25.3,1186.196528579187
5,25.4,1194.3727706728012
5,25.500000000000004,1198.900550984937
5,25.6,1199.6591050076358
5,25.700000000000003,1195.745967858864
5,25.8,1190.981275050705
5,25.9,1187.7363485945998
5,26.000000000000004,1185.864774174893
5,26.1,1185.2007274386008
5,26.200000000000003,1183.637030085246
5,26.3,1180.4627729020149
5,26.4,1173.9865419029466
5,26.500000000000004,1166.3806844535145
5,26.6,1160.111390113315
5,26.700000000000003,1151.6625322936811
5,26.8,1139.878434959106
5,26.9,1129.8463066302502
5,27.000000000000004,1121.279560961974
5,27.1,1113.3438542423985
5,27.200000000000003,1107.0852107771202
5,27.3,1101.939356999938
5,27.4,1096.995524532039
5,27.500000000000004,1092.186466539798
5,27.6,1086.5684809043291
5,27.700000000000003,1081.608934836513
5,27.8,1081.7389590017049
5,27.9,1083.6530851897037
5,28.000000000000004,1090.028933447815
5,28.1,1102.4727490668922
5,28.200000000000003,1121.0130622914785
5,28.3,1142.4094995838425
5,28.4,1166.084147552783
5,28.500000000000004,1186.3320482563745
5,28.6,1203.1065491170546
5,28.700000000000003,1220.006774345125
5,28.8,1237.4598618619868
5,28.9,1254.9484088197437
5,29.000000000000004,1274.7988286345767
5,29.1,1291.720532509689
5,29.200000000000003,1306.0999928920785
5,29.3,1326.7557641894052
5,29.4,1341.3454753561086
5,29.500000000000004,1352.4283372792504
5,29.6,1360.1801630441594
5,29.700000000000003,1368.7876843438758
5,29.8,1378.379964879957
5,29.9,1389.4510025031643
5,30.000000000000004,1397.1703358617597
5,30.1,1406.431725223701
5,30.200000000000003,1415.2404778190391
5,30.3,1424.2963350882785
5,30.4,1428.0751735929016
5,30.500000000000004,1427.2660394133222
5,30.6,1423.5620664351025
5,30.700000000000003,1416.007156151317
5,30.800000000000004,1402.2230433995887
5,30.9,1386.0964166804922
5,31.000000000000004,1368.093215768511
5,31.1,1353.479323058319
5,31.200000000000003,1342.9089144198983
5,31.300000000000004,1331.383495432745
5,31.4,1320.5001877155385
5,31.500000000000004,1308.7918096793017
5,31.6,1297.3022530742123
5,31.700000000000003,1286.5108293025169
5,31.800000000000004,1276.4481955196643
5,31.9,1267.160342490957
5,32.0,1255.3159446854645
5,32.1,1240.453216551723
5,32.2,1226.1959769052482
5,32.300000000000004,1213.3511709712316
5,32.400000000000006,1200.5422003109518
5,32.5,1188.3894466915076
5,32.6,1176.1205302425296
5,32.7,1166.025458387906
5,32.800000000000004,1162.3251661314382
5,32.900000000000006,1163.015358567996
5,33.0,1165.5668816908471
5,33.1,1169.8391871087024
5,33.2,1175.4749110703608
5,33.300000000000004,1186.9517607678602
5,33.400000000000006,1201.0713647721057
5,33.5,1216.1872390174592
5,33.6,1226.4356011421637
5,33.7,1236.0259080045562
5,33.800000000000004,1242.5639050599586
5,33.900000000000006,1243.569254951039
5,34.0,1244.739059611216
5,34.1,1244.650160214789
5,34.2,1245.5655396924196
5,34.300000000000004,1247.441173010327
5,34.400000000000006,1248.754059062
5,34.5,1248.1513626076076
5,34.6,1250.9355815096992
5,34.7,1251.797698518661
5,34.800000000000004,1253.378783076314
5,34.900000000000006,1252.090972345242
5,35.0,1247.245041733784
5,35.1,1243.0835297583772
5,35.2,1238.7679039644163
5,35.300000000000004,1227.123123916815
5,35.400000000000006,1215.31366889869
5,35.5,1201.764357560097
5,35.6,1188.9517901602112
5,35.7,1177.6571914045462
5,35.800000000000004,1167.828753920155
5,35.900000000000006,1162.1147679954022
5,36.0,1162.5832141479102
5,36.1,1167.2977302425695
5,36.2,1173.7942794473097
5,36.3,1181.0630767369234
5,36.400000000000006,1187.1131130015676
5,36.5,1191.0916373894709
5,36.6,1192.142349039696
5,36.7,1192.060155605353
5,36.8,1194.1174783488054
5,36.900000000000006,1197.0800046207223
5,37.0,1202.729273060684
5,37.1,1207.034849390558
5,37.2,1210.0281937780594
5,37.3,1213.9966602858633
5,37.400000000000006,1218.8303437154914
5,37.5,1224.972372120331
5,37.6,1232.3279140441389
5,37.7,1239.9092081123238
5,37.8,1247.5648252082108
5,37.900000000000006,1252.0352321118626
5,38.0,1258.1238717360695
5,38.1,1263.4850870611551
5,38.2,1267.4243817529132
5,38.3,1272.7695229515784
5,38.400000000000006,1270.0171413797848
5,38.5,1267.594221977051
5,38.6,1267.1862027950326
5,38.7,1265.7498992887292
5,38.8,1264.2958928312216
5,38.900000000000006,1264.6391207506442
5,39.0,1263.5419749988364
5,39.1,1264.389449649331
5,39.2,1263.8300179420437
5,39.3,1262.3638813624243
5,39.400000000000006,1258.2534898192248
5,39.5,1251.823037111935
5,39.6,1242.3239992813626
5,39.7,1233.7310096757385
5,39.8,1226.103651774263
5,39.900000000000006,1218.3165530094714
5,40.0,1209.3961898884409
5,40.1,1201.2870850895238
5,40.2,1193.3965561770665
5,40.3,1186.623007181479
5,40.400000000000006,1181.2916186184357
5,40.5,1180.4128474068998
5,40.6,1181.7212007835683
5,40.7,1180.468147264635
5,40.8,1178.7378777251968
5,40.900000000000006,1175.53545813583
5,41.0,1173.925636707325
5,41.1,1170.437384329951
5,41.2,1161.8797882331176
5,41.3,1151.1899479912115
5,41.400000000000006,1146.182598094657
5,41.5,1141.357342714956
5,41.6,1137.8353367213492
5,41.7,1130.803011555021
5,41.8,1121.7354384077148
5,41.900000000000006,1113.2337141370442
5,42.0,1107.4171722539588
5,42.1,1103.4372948010152
5,42.2,1100.557064514395
5,42.3,1096.5851848663294
5,42.400000000000006,1093.2976941672366
5,42.5,1086.5940141151366
5,42.6,1079.4024587545528
5,42.7,1074.745567271647
5,42.8,1073.3479364935877
5,42.900000000000006,1075.8356305230632
5,43.0,1078.708778707035
5,43.1,1078.216698845744
5,43.2,1077.4635771078615
5,43.3,1076.2708744006995
5,43.400000000000006,1070.0096929097797
5,43.50000000000001,1066.0693133392888
5,43.6,1065.0119157956558
5,43.7,1066.591104539803
5,43.8,1070.5650366446314
5,43.900000000000006,1073.7364564903369
5,44.00000000000001,1077.602981252922
5,44.1,1078.2357964220405
5,44.2,1078.226069087438
5,44.3,1079.9289364116494
5,44.400000000000006,1081.5456236632645
5,44.50000000000001,1084.9781313104086
5,44.6,1089.9803500077892
5,44.7,1096.6556223394327
5,44.8,1104.1881455643222
5,44.900000000000006,1113.3713014397292
5,45.00000000000001,1120.846399851123
5,45.1,1120.645109150999
5,45.2,1121.961065306382
5,45.3,1124.6293383267891
5,45.400000000000006,1129.583445561317
5,45.50000000000001,1135.377535600688
5,45.6,1143.8850619522211
5,45.7,1151.186063378707
5,45.8,1162.5894718522925
5,45.900000000000006,1177.6350304390694
5,46.00000000000001,1187.2591922512147
5,46.1,1195.67795770027
5,46.2,1199.9535858303757
5,46.3,1206.0716585759812
5,46.400000000000006,1210.313205912983
5,46.50000000000001,1215.3907262627197
5,46.6,1217.797037633979
5,46.7,1221.0688260701588
5,46.8,1226.80561802521
5,46.900000000000006,1231.737281527616
5,47.00000000000001,1239.7009076767338
5,47.1,1243.2002240919037
5,47.2,1241.1407546863488
5,47.3,1240.492185639646
5,47.400000000000006,1238.9663896608126
5,47.50000000000001,1239.3134119481754
5,47.6,1242.0284726311606
5,47.7,1246.2676358966887
5,47.8,1255.369189377651
5,47.900000000000006,1266.4303562284867
5,48.00000000000001,1278.027659907708
5,48.1,1287.0698145676806
5,48.2,1296.4588956393152
5,48.3,1301.8239369797325
5,48.400000000000006,1307.8445637444802
5,48.50000000000001,1315.3884042186348
5,48.6,1322.5692269987323
5,48.7,1328.7818098429375
5,48.8,1334.5661355197387
5,48.900000000000006,1341.0899970447297
5,49.00000000000001,1348.284947750999
5,49.1,1353.4844400392185
5,49.2,1356.8101639077397
5,49.3,1361.4649468685682
5,49.400000000000006,1359.67949151091
5,49.50000000000001,1357.7456917056893
5,49.6,1357.240480995982
5,49.7,1357.2345916829754
5,49.8,1355.137526512234
5,49.900000000000006,1348.9626700812432
5,50.00000000000001,1335.7796992816698
5,50.1,1322.1505744327042
5,50.2,1307.6623891668587
5,50.3,1292.7875309904064
5,50.400000000000006,1282.3687141919272
5,50.50000000000001,1275.260380516392
5,50.6,1264.005828475375
5,50.7,1254.4198056693388
5,50.8,1246.6895073290916
5,50.900000000000006,1240.7459556802155
5,51.00000000000001,1237.4638547245534
5,51.1,1237.3306533913972
5,51.2,1235.5456648407974
5,51.3,1232.963492231794
5,51.400000000000006,1231.0803070140864
5,51.50000000000001,1230.6091137932483
5,51.6,1231.431662032343
5,51.7,1232.5406316745837
5,51.8,1232.40364831683
5,51.900000000000006,1233.6830944364458
5,52.00000000000001,1236.4833641856237
5,52.1,1241.0099446740917
5,52.2,1247.4471418811438
5,52.3,1256.0464551118364
5,52.400000000000006,1269.4035196032287
5,52.50000000000001,1285.71208121658
5,52.6,1301.4578107137215
5,52.7,1319.312931151447
5,52.8,1337.271204778221
5,52.900000000000006,1355.109391850934
5,53.00000000000001,1369.295398615846
5,53.1,1378.9449781481185
5,53.2,1388.5617054626678
5,53.3,1398.111007342533
5,53.400000000000006,1405.8695454195315
5,53.50000000000001,1414.986210011029
5,53.6,1425.1181692300374
5,53.7,1435.2500681687666
5,53.8,1439.3963020254257
5,53.900000000000006,1440.0349312577566
5,54.00000000000001,1440.086258225749
5,54.1,1441.0369123915616
5,54.2,1435.2444334600525
5,54.3,1424.336434559396
5,54.400000000000006,1413.4818031349898
5,54.50000000000001,1404.57045422269
5,54.6,1405.865664284397
5,54.7,1411.6871015393838
5,54.8,1418.1899550684248
5,54.900000000000006,1422.4145984544416
5,55.00000000000001,1428.1491451592267
5,55.1,1439.8734960276977
5,55.2,1450.0218617464948
5,55.3,1452.9934422494148
5,55.400000000000006,1454.8214280312632
5,55.50000000000001,1462.0374933459902
5,55.6,1474.155842862138
5,55.7,1487.046358879244
5,55.8,1500.6160478221284
5,55.900000000000006,1514.716722060625
5,56.00000000000001,1519.8779972670984
5,56.1,1524.7971664946276
5,56.2,1530.0947849607933
5,56.3,1536.3507683431185
5,56.400000000000006,1543.3422859002894
5,56.50000000000001,1549.78586667915
5,56.6,1552.458463232178
5,56.7,1555.3823944341418
5,56.8,1559.4107792824302
5,56.900000000000006,1559.8008168190668
5,57.00000000000001,1558.3110564255107
5,57.1,1558.6728325360552
5,57.2,1561.9116243881092
5,57.3,1567.0464902519946
5,57.400000000000006,1570.0770302859955
5,57.50000000000001,1574.294877942527
5,57.6,1580.3886074944996
5,57.7,1586.6255997730282
5,57.8,1590.7373025579586
5,57.900000000000006,1591.0785694839408
5,58.00000000000001,1591.1721948394058
5,58.1,1590.782828607211
5,58.2,1587.549840363172
5,58.3,1582.4448524316183
5,58.400000000000006,1573.394648725135
5,58.50000000000001,1559.1596623068915
5,58.6,1550.2817011012564
5,58.7,1540.4343946948238
5,58.8,1531.1864576578453
5,58.900000000000006,1522.7622196763325
5,59.00000000000001,1514.2642441174012
5,59.1,1505.269845119463
5,59.2,1496.7665088684664
5,59.3,1489.6762371328402
5,59.400000000000006,1483.3727983669069
5,59.50000000000001,1478.5052273883118
5,59.6,1475.489905404522
5,59.7,1470.622269610474
5,59.8,1469.2433058944212
5,59.900000000000006,1469.338914524174
5,60.00000000000001,1472.5994686606305
5,60.1,1477.1629936632175
5,60.2,1481.5963948407714
5,60.3,1483.9995609037503
5,60.400000000000006,1484.6927684339655
5,60.50000000000001,1484.7619334427995
5,60.6,1481.833862379677
5,60.7,1476.6566872088918
5,60.8,1473.1998588471158
5,60.900000000000006,1471.3519927279435
5,61.00000000000001,1467.0674539876488
5,61.10000000000001,1463.5844936098404
5,61.2,1462.1141182164697
5,61.3,1461.9218148250343
5,61.400000000000006,1460.076756559123
5,61.50000000000001,1454.8654759921542
5,61.60000000000001,1449.790467937668
5,61.7,1445.857535349236
5,61.8,1440.6376107388253
5,61.900000000000006,1434.915987871041
5,62.00000000000001,1425.220747309413
5,62.10000000000001,1416.2824799346872
5,62.2,1416.5575493058668
5,62.3,1416.185880317536
5,62.400000000000006,1417.7304740091895
5,62.50000000000001,1418.2551442196304
5,62.60000000000001,1414.576880076304
5,62.7,1410.5692044379762
5,62.8,1401.9845969307144
5,62.900000000000006,1390.4055427079822
5,63.00000000000001,1379.2974125389817
5,63.10000000000001,1370.737873374047
5,63.2,1363.1239643548918
5,63.3,1356.9948021589746
5,63.400000000000006,1351.3071341864086
5,63.50000000000001,1350.022292030855
5,63.60000000000001,1351.55420774603
5,63.7,1354.9603268371602
5,63.8,1358.6513522177356
5,63.900000000000006,1363.2666624550925
5,64.0,1366.5730876240054
5,64.10000000000001,1372.2079972919114
5,64.2,1374.3997425135196
5,64.30000000000001,1370.5155961545022
5,64.4,1357.7672572376637
5,64.5,1346.375423587801
5,64.60000000000001,1336.4926229860537
5,64.7,1327.7159770993894
5,64.80000000000001,1319.0238181853983
5,64.9,1309.7815691528665
5,65.0,1300.630943888856
5,65.10000000000001,1293.3198830855963
5,65.2,1287.6473451537704
5,65.30000000000001,1281.7020374896322
5,65.4,1274.6605209492973
5,65.5,1269.961489585478
5,65.60000000000001,1267.2559232900771
5,65.7,1266.5392006696943
5,65.80000000000001,1265.4956833020403
5,65.9,1263.5144286929933
5,66.0,1263.2220888543343
5,66.10000000000001,1264.7041467387892
5,66.2,1267.7483413543032
5,66.30000000000001,1267.0416627366003
5,66.4,1264.869843959776
5,66.5,1262.5501030355665
5,66.60000000000001,1263.102180703562
5,66.7,1263.7154414504294
5,66.80000000000001,1267.7421121562816
5,66.9,1274.7134963430829
5,67.0,1284.7620955482798
5,67.10000000000001,1297.869729664983
5,67.2,1312.118959919576
5,67.30000000000001,1320.1548166030277
5,67.4,1323.0992519753213
5,67.5,1322.579608876592
5,67.60000000000001,1324.0382466495882
5,67.7,1323.229247500875
5,67.80000000000001,1320.49854355248
5,67.9,1313.1977063096692
5,68.0,1306.7353774084463
5,68.10000000000001,1301.263598731697
5,68.2,1297.6971270221966
5,68.30000000000001,1290.865211811623
5,68.4,1273.8652143989746
5,68.5,1257.2395474729117
5,68.60000000000001,1242.2545655821589
5,68.7,1229.6564777279152
5,68.80000000000001,1219.4787019299167
5,68.9,1211.406135209275
5,69.0,1205.935743700715
5,69.10000000000001,1203.7974312053498
5,69.2,1205.168076183687
5,69.30000000000001,1208.7654469171025
5,69.4,1214.2585468541492
5,69.5,1220.4158603024532
5,69.60000000000001,1226.8418887609148
5,69.7,1228.6461230224932
5,69.80000000000001,1229.5861988507718
5,69.9,1227.0251269354076
5,70.0,1226.0830902309197
5,70.10000000000001,1225.1175833957852
5,70.2,1225.715547511218
5,70.30000000000001,1227.4677835608347
5,70.4,1229.7680348705064
5,70.5,1227.3376742736937
5,70.60000000000001,1220.2869034852852
5,70.7,1209.3570910014696
5,70.80000000000001,1202.0154883496334
5,70.9,1196.4272707981404
5,71.0,1192.4813464153542
5,71.10000000000001,1191.0430127072357
5,71.2,1192.0168363349874
5,71.30000000000001,1195.996646787329
5,71.4,1201.2383864882263
5,71.5,1208.9275758567148
5,71.60000000000001,1220.2402223522083
5,71.7,1228.990667293018
5,71.80000000000001,1236.1682261364165
5,71.9,1242.3014237284904
5,72.0,1248.3246034767292
5,72.10000000000001,1255.0865245018165
5,72.2,1262.939657650957
5,72.30000000000001,1271.8156370790298
5,72.4,1281.6559813369174
5,72.5,1292.4640706922837
5,72.60000000000001,1304.2832467220462
5,72.7,1316.8811837058954
5,72.80000000000001,1329.8276791123544
5,72.9,1342.1759391924772
5,73.0,1350.5204539918996
5,73.10000000000001,1353.6517898056766
5,73.2,1351.7796902118444
5,73.30000000000001,1350.2983276218702
5,73.4,1348.226067422464
5,73.5,1346.7338401187628
5,73.60000000000001,1341.8411772282734
5,73.7,1333.8054220476556
5,73.80000000000001,1327.9982297376307
5,73.9,1323.2030181049806
5,74.0,1321.8204158249398
5,74.10000000000001,1320.445464448743
5,74.2,1318.8083642054958
5,74.30000000000001,1318.7079466598493
5,74.4,1320.2365104412663
5,74.5,1323.6612317197548
5,74.60000000000001,1329.1510765255407
5,74.7,1337.055961774351
5,74.80000000000001,1347.8643310679522
5,74.9,1361.746085334517
5,75.0,1378.4520744908436
5,75.10000000000001,1398.5731018072242
5,75.2,1415.3247207964196
5,75.30000000000001,1420.811252049347
5,75.4,1421.2720848100275
5,75.5,1422.689806428352
5,75.60000000000001,1423.2612879840203
5,75.7,1420.3220289171727
5,75.80000000000001,1419.9130529222437
5,75.9,1420.066176305476
5,76.0,1416.1712983552975
5,76.10000000000001,1413.722556991477
5,76.2,1408.261949065885
5,76.30000000000001,1396.1741606363912
5,76.4,1378.601896096267
5,76.5,1361.9783090295855
5,76.60000000000001,1346.0967778857807
5,76.7,1328.6006980526297
5,76.80000000000001,1311.523912013571
5,76.9,1289.677375332539
5,77.0,1262.0617964695928
5,77.10000000000001,1234.1871459373608
5,77.2,1208.073987394754
5,77.30000000000001,1182.125070860141
5,77.4,1156.9252791113054
5,77.5,1130.6222238417254
5,77.60000000000001,1110.396872055111
5,77.7,1093.786156358777
5,77.80000000000001,1081.5859158425926
5,77.9,1076.529901458963
5,78.0,1072.979031106688
5,78.10000000000001,1070.791038363805
5,78.2,1067.5583265143948
5,78.30000000000001,1058.908416874524
5,78.4,1058.5617680148307
5,78.5,1058.4434089430629
5,78.60000000000001,1060.02610585271
5,78.7,1062.1298450726165
5,78.80000000000001,1065.3007490686714
5,78.9,1071.188505960885
5,79.0,1077.2128758738152
5,79.10000000000001,1082.531098803936
5,79.2,1090.203066336493
5,79.30000000000001,1099.3878560405108
5,79.4,1109.7906317380668
5,79.5,1121.1419359247493
5,79.60000000000001,1134.98328999582
5,79.7,1151.1950043938157
5,79.80000000000001,1166.7619763112596
5,79.9,1182.130123992143
5,80.0,1197.5308900678942
5,80.10000000000001,1214.290916304548
5,80.2,1231.1286284475727
5,80.30000000000001,1247.9664695105853
5,80.4,1257.8541585409394
5,80.5,1269.2676285901796
5,80.60000000000001,1283.179324209502
5,80.7,1292.6663004165755
5,80.80000000000001,1295.3101018463262
5,80.9,1292.131381451867
5,81.0,1278.1393992991495
5,81.10000000000001,1256.537773112596
5,81.2,1237.7127628718565
5,81.30000000000001,1227.3873712113432
5,81.4,1218.8038779220726
5,81.5,1211.9752812774675
5,81.60000000000001,1203.4505858761388
5,81.7,1192.5795214194004
5,81.80000000000001,1182.718376156472
5,81.9,1178.036184511498
5,82.0,1183.9053968204814
5,82.10000000000001,1193.1674474339536
5,82.2,1204.2149174712392
5,82.30000000000001,1215.7281878188733
5,82.4,1227.5098446319355
5,82.5,1238.9673693048785
5,82.60000000000001,1249.8917207471438
5,82.7,1262.118200100422
5,82.80000000000001,1277.4976197965327
5,82.9,1292.5181628924245
5,83.0,1307.6575875540505
5,83.10000000000001,1324.6104503159277
5,83.2,1343.2695763425295
5,83.30000000000001,1358.9103801281335
5,83.4,1370.1625974408316
5,83.5,1385.5362091424756
5,83.60000000000001,1400.5281729846183
5,83.7,1408.5413385118322
5,83.80000000000001,1418.4329726241283
5,83.9,1432.7740427499823
5,84.0,1453.9317502481715
5,84.10000000000001,1478.4813175691284
5,84.2,1501.7486498944509
5,84.30000000000001,1521.2345793872105
5,84.4,1536.5383853277333
5,84.5,1549.76311260549
5,84.60000000000001,1563.6205718831168
5,84.7,1577.907558707979
5,84.80000000000001,1587.0628322824157
5,84.9,1588.9895386895814
5,85.0,1590.1741730343774
5,85.10000000000001,1589.6585655844906
5,85.2,1584.879819421876
5,85.30000000000001,1581.185433459976
5,85.4,1578.605169163071
5,85.5,1577.1673726802414
5,85.60000000000001,1575.229267463046
5,85.7,1572.3270503211156
5,85.80000000000001,1571.2245868637349
5,85.9,1570.1447838416375
5,86.0,1568.3978414789126
5,86.10000000000001,1565.6575710981429
5,86.2,1559.739175159828
5,86.30000000000001,1553.7922817842712
5,86.4,1545.6521459087437
5,86.5,1537.5966182055304
5,86.60000000000001,1530.13556500829
5,86.7,1518.331165136569
5,86.80000000000001,1496.655328935642
5,86.9,1476.0850637434582
5,87.00000000000001,1457.9965546012024
5,87.10000000000001,1447.7340710696278
5,87.2,1445.6491684309922
5,87.30000000000001,1445.6884231038832
5,87.4,1447.303982651659
5,87.50000000000001,1443.6061303580052
5,87.60000000000001,1436.1714226697304
5,87.7,1430.539761551499
5,87.80000000000001,1425.4578912397342
5,87.9,1421.633904723669
5,88.00000000000001,1419.7801686301048
5,88.10000000000001,1417.419184271591
5,88.2,1416.446841879978
5,88.30000000000001,1412.5241328486054
5,88.4,1409.7976141565246
5,88.50000000000001,1410.5019110186834
5,88.60000000000001,1412.034383580561
5,88.7,1414.785668877707
5,88.80000000000001,1418.316045802595
5,88.9,1415.8084613688911
5,89.00000000000001,1413.4379854210338
5,89.10000000000001,1410.6138807094555
5,89.2,1409.7170310910724
5,89.30000000000001,1414.9247991225488
5,89.4,1427.9195238438097
5,89.50000000000001,1445.7191751912007
5,89.60000000000001,1466.0289219796352
5,89.7,1482.2897192972084
5,89.80000000000001,1495.4522438766248
5,89.9,1501.985736786078
5,90.00000000000001,1504.6846515691775
5,90.1,1507.52750427491
5,90.2,1509.4348110886513
5,90.3,1512.2569271610944
5,90.4,1516.1142201458483
5,90.5,1521.2750163075802
5,90.6,1527.6991065840289
5,90.7,1532.2425502151518
5,90.8,1536.7647433956747
5,90.9,1538.3372921720556
5,91.0,1540.5350951265173
5,91.1,1544.6144294707276
5,91.2,1546.4045040751846
5,91.3,1548.325436596975
5,91.4,1552.2061571877466
5,91.5,1558.4487183596143
5,91.6,1568.4896603157997
5,91.7,1577.6038997665814
5,91.8,1588.582502584693
5,91.9,1601.7933769061397
5,92.0,1616.0114608553451
5,92.1,1628.2786211962202
5,92.2,1642.2789457540518
5,92.3,1657.8323888205905
5,92.4,1670.4676248147916
5,92.5,1675.4844112620435
5,92.6,1678.9670578723558
5,92.7,1679.7138086166187
5,92.8,1676.9448912858106
5,92.9,1666.8747178041672
5,93.0,1653.232452937539
5,93.1,1641.21169087924
5,93.2,1630.8163059129736
5,93.3,1622.7315310647186
5,93.4,1616.558740573232
5,93.5,1611.525622967095
5,93.6,1606.5458039781304
5,93.7,1602.6484835841538
5,93.8,1599.7528424262628
5,93.9,1598.1987633197064
5,94.0,1597.9807958966924
5,94.1,1602.6730674753603
5,94.2,1600.128545879444
5,94.3,1594.7199110445877
5,94.4,1589.2989176568194
5,94.5,1583.8797799066967
5,94.6,1577.4054864368757
5,94.7,1569.2843694857308
5,94.8,1560.9110598033865
5,94.9,1553.557005481179
5,95.0,1545.944368708174
5,95.1,1538.096821966424
5,95.2,1532.400135856924
5,95.3,1523.9642697492857
5,95.4,1514.0264222902076
5,95.5,1499.189316845515
5,95.6,1484.6149398574876
5,95.7,1472.8505779343982
5,95.8,1460.432479833635
5,95.9,1448.936372211656
5,96.0,1438.4065402810857
5,96.1,1425.0255496590948
5,96.2,1411.8167293562728
5,96.3,1396.0301607407346
5,96.4,1376.0498334354772
5,96.5,1357.337244592597
5,96.6,1339.93800381591
5,96.7,1323.8895956126607
5,96.8,1309.2472895731426
5,96.9,1294.212509837856
5,97.0,1283.245965713612
5,97.1,1280.124304758096
5,97.2,1279.3555937793262
5,97.3,1278.399848750816
5,97.4,1277.583599393795
5,97.5,1277.234646973374
5,97.6,1274.5178732174688
5,97.7,1272.9990352208486
5,97.8,1272.2226841263569
5,97.9,1274.2639565379168
5,98.0,1279.0735609003025
5,98.1,1285.0889220137417
5,98.2,1289.232575716978
5,98.3,1292.9626675606423
5,98.4,1292.7002977464183
5,98.5,1291.9866883813734
5,98.6,1290.7730299948057
5,98.7,1287.7796236568795
5,98.8,1284.9375002297909
5,98.9,1281.6758037499044
5,99.0,1275.1054738027285
5,99.1,1260.6245678215262
5,99.2,1246.344796897486
5,99.3,1234.4325613667206
5,99.4,1222.6818107836204
5,99.5,1211.1065863422918
5,99.6,1198.699430117261
5,99.7,1186.565174612918
5,99.8,1175.265467726639
5,99.9,1163.290542717289
