exit_n,time,run
0,1.674999999999998,0
1,2.6249999999999947,0
2,3.0249999999999932,0
3,3.2749999999999924,0
4,3.674999999999991,0
5,4.174999999999992,0
6,4.274999999999993,0
7,4.800000000000001,0
8,4.975000000000003,0
9,5.45000000000001,0
10,5.750000000000014,0
11,5.975000000000017,0
12,6.500000000000025,0
13,6.550000000000026,0
14,6.775000000000029,0
15,7.375000000000037,0
16,7.475000000000039,0
17,8.075000000000047,0
18,8.100000000000048,0
19,8.725000000000056,0
20,8.775000000000057,0
21,9.300000000000065,0
22,9.775000000000071,0
23,9.825000000000072,0
24,9.850000000000072,0
25,10.42500000000008,0
26,10.750000000000085,0
27,10.875000000000087,0
28,11.600000000000097,0
29,11.650000000000098,0
30,11.7500000000001,0
31,12.300000000000107,0
32,12.375000000000108,0
33,12.375000000000108,0
34,13.025000000000118,0
35,13.425000000000123,0
36,13.550000000000125,0
37,13.800000000000129,0
38,14.150000000000134,0
39,14.175000000000134,0
40,14.225000000000135,0
41,14.950000000000145,0
42,15.175000000000148,0
43,15.30000000000015,0
44,15.875000000000158,0
45,16.02500000000016,0
46,16.15000000000015,0
47,16.72500000000012,0
48,16.750000000000117,0
49,16.975000000000104,0
50,17.525000000000073,0
51,17.75000000000006,0
52,17.975000000000048,0
53,18.150000000000038,0
54,18.175000000000036,0
55,18.62500000000001,0
56,19.124999999999982,0
57,19.249999999999975,0
58,19.424999999999965,0
59,19.899999999999938,0
60,19.999999999999932,0
61,20.124999999999925,0
62,20.524999999999903,0
63,20.824999999999886,0
64,20.92499999999988,0
65,21.549999999999844,0
66,21.79999999999983,0
67,22.049999999999816,0
68,22.17499999999981,0
69,22.52499999999979,0
70,22.999999999999762,0
71,23.39999999999974,0
72,23.474999999999735,0
73,23.849999999999714,0
74,24.44999999999968,0
75,24.44999999999968,0
76,25.17499999999964,0
77,25.199999999999637,0
78,25.249999999999634,0
79,25.8499999999996,0
80,25.99999999999959,0
81,26.624999999999556,0
82,26.69999999999955,0
83,26.74999999999955,0
84,27.324999999999516,0
85,27.44999999999951,0
86,27.674999999999496,0
87,27.699999999999495,0
88,28.249999999999464,0
89,28.524999999999448,0
90,29.099999999999415,0
91,29.124999999999414,0
92,29.649999999999384,0
93,29.674999999999383,0
94,29.87499999999937,0
95,30.39999999999934,0
96,30.62499999999933,0
97,31.27499999999929,0
98,31.374999999999286,0
99,31.79999999999926,0
100,31.82499999999926,0
101,32.07499999999925,0
102,32.349999999999234,0
103,32.8999999999992,0
104,33.024999999999196,0
105,33.14999999999919,0
106,33.14999999999919,0
107,33.99999999999914,0
108,34.074999999999136,0
109,34.19999999999913,0
110,34.624999999999105,0
111,34.949999999999086,0
112,34.99999999999908,0
113,35.62499999999905,0
114,35.874999999999034,0
115,36.474999999999,0
116,36.77499999999898,0
117,37.14999999999896,0
118,37.34999999999895,0
119,37.449999999998944,0
120,37.974999999998914,0
121,38.07499999999891,0
122,38.324999999998894,0
123,38.74999999999887,0
124,38.92499999999886,0
125,39.39999999999883,0
126,39.62499999999882,0
127,39.67499999999882,0
128,39.899999999998805,0
129,40.14999999999879,0
130,40.599999999998765,0
131,40.774999999998755,0
132,41.39999999999872,0
133,41.54999999999871,0
134,41.54999999999871,0
135,42.349999999998666,0
136,42.67499999999865,0
137,42.99999999999863,0
138,43.074999999998624,0
139,43.14999999999862,0
140,43.72499999999859,0
141,43.89999999999858,0
142,44.34999999999855,0
143,44.57499999999854,0
144,44.74999999999853,0
145,45.2499999999985,0
146,45.47499999999849,0
147,45.59999999999848,0
148,45.67499999999848,0
149,46.27499999999844,0
150,46.54999999999843,0
151,46.87499999999841,0
152,47.14999999999839,0
153,47.474999999998374,0
154,47.77499999999836,0
155,47.89999999999835,0
156,48.07499999999834,0
157,48.7499999999983,0
158,48.92499999999829,0
159,49.29999999999827,0
160,49.47499999999826,0
161,49.82499999999824,0
162,50.24999999999822,0
163,50.449999999998205,0
164,50.84999999999818,0
165,51.39999999999815,0
166,51.42499999999815,0
167,52.199999999998106,0
168,52.224999999998104,0
169,52.2749999999981,0
170,52.99999999999806,0
171,53.02499999999806,0
172,53.64999999999802,0
173,53.67499999999802,0
174,53.72499999999802,0
175,54.39999999999798,0
176,54.42499999999798,0
177,55.14999999999794,0
178,55.224999999997934,0
179,55.27499999999793,0
180,55.94999999999789,0
181,56.04999999999789,0
182,56.64999999999785,0
183,56.69999999999785,0
184,57.324999999997814,0
185,57.324999999997814,0
186,58.024999999997775,0
187,58.04999999999777,0
188,58.77499999999773,0
189,58.92499999999772,0
190,59.3249999999977,0
191,59.599999999997685,0
192,60.27499999999765,0
193,60.37499999999764,0
194,60.54999999999763,0
195,61.39999999999758,0
196,61.62499999999757,0
197,62.224999999997536,0
198,62.47499999999752,0
199,63.14999999999748,0
0,1.1,1
1,1.5499999999999985,1
2,2.199999999999996,1
3,2.3249999999999957,1
4,3.1999999999999926,1
5,3.324999999999992,1
6,4.02499999999999,1
7,4.099999999999991,1
8,4.374999999999995,1
9,4.800000000000001,1
10,5.3500000000000085,1
11,5.45000000000001,1
12,6.1250000000000195,1
13,6.300000000000022,1
14,6.650000000000027,1
15,6.85000000000003,1
16,7.425000000000038,1
17,7.425000000000038,1
18,7.875000000000044,1
19,8.25000000000005,1
20,8.32500000000005,1
21,8.475000000000053,1
22,9.325000000000065,1
23,9.375000000000066,1
24,9.475000000000067,1
25,10.050000000000075,1
26,10.32500000000008,1
27,10.500000000000082,1
28,10.675000000000084,1
29,11.300000000000093,1
30,11.400000000000095,1
31,11.7750000000001,1
32,11.900000000000102,1
33,12.350000000000108,1
34,12.50000000000011,1
35,12.875000000000115,1
36,13.17500000000012,1
37,13.400000000000123,1
38,13.500000000000124,1
39,13.95000000000013,1
40,14.125000000000133,1
41,14.57500000000014,1
42,15.100000000000147,1
43,15.200000000000149,1
44,15.675000000000155,1
45,15.725000000000156,1
46,16.300000000000143,1
47,16.475000000000133,1
48,16.70000000000012,1
49,17.0500000000001,1
50,17.150000000000095,1
51,17.300000000000086,1
52,17.900000000000052,1
53,18.000000000000046,1
54,18.025000000000045,1
55,18.62500000000001,1
56,18.825,1
57,19.49999999999996,1
58,19.549999999999958,1
59,19.724999999999948,1
60,20.299999999999915,1
61,20.39999999999991,1
62,20.524999999999903,1
63,21.174999999999866,1
64,21.224999999999863,1
65,21.27499999999986,1
66,21.724999999999834,1
67,22.274999999999803,1
68,22.274999999999803,1
69,22.799999999999773,1
70,22.84999999999977,1
71,23.37499999999974,1
72,23.72499999999972,1
73,23.974999999999707,1
74,24.199999999999694,1
75,24.699999999999665,1
76,24.849999999999657,1
77,25.14999999999964,1
78,25.47499999999962,1
79,25.67499999999961,1
80,25.99999999999959,1
81,26.249999999999577,1
82,26.449999999999566,1
83,26.624999999999556,1
84,27.024999999999533,1
85,27.524999999999505,1
86,27.674999999999496,1
87,28.349999999999458,1
88,28.49999999999945,1
89,29.124999999999414,1
90,29.17499999999941,1
91,29.3749999999994,1
92,29.974999999999365,1
93,29.999999999999364,1
94,30.174999999999354,1
95,30.649999999999327,1
96,30.79999999999932,1
97,30.899999999999313,1
98,31.224999999999294,1
99,31.549999999999276,1
100,31.699999999999267,1
101,32.42499999999923,1
102,32.47499999999923,1
103,32.499999999999226,1
104,33.07499999999919,1
105,33.12499999999919,1
106,33.17499999999919,1
107,33.899999999999146,1
108,34.074999999999136,1
109,34.599999999999106,1
110,34.7499999999991,1
111,34.82499999999909,1
112,34.89999999999909,1
113,35.59999999999905,1
114,35.77499999999904,1
115,36.12499999999902,1
116,36.549999999998995,1
117,36.59999999999899,1
118,37.02499999999897,1
119,37.099999999998964,1
120,37.449999999998944,1
121,37.624999999998934,1
122,38.324999999998894,1
123,38.52499999999888,1
124,38.79999999999887,1
125,39.14999999999885,1
126,39.64999999999882,1
127,40.049999999998796,1
128,40.17499999999879,1
129,40.52499999999877,1
130,40.67499999999876,1
131,40.974999999998744,1
132,41.24999999999873,1
133,41.649999999998705,1
134,42.09999999999868,1
135,42.12499999999868,1
136,42.42499999999866,1
137,43.049999999998626,1
138,43.09999999999862,1
139,43.599999999998595,1
140,43.79999999999858,1
141,44.32499999999855,1
142,44.49999999999854,1
143,44.59999999999854,1
144,44.77499999999853,1
145,45.42499999999849,1
146,45.57499999999848,1
147,45.57499999999848,1
148,46.29999999999844,1
149,46.29999999999844,1
150,46.599999999998424,1
151,46.87499999999841,1
152,47.0249999999984,1
153,47.37499999999838,1
154,47.624999999998366,1
155,47.69999999999836,1
156,48.42499999999832,1
157,48.44999999999832,1
158,48.8249999999983,1
159,49.374999999998266,1
160,49.59999999999825,1
161,49.77499999999824,1
162,50.274999999998215,1
163,50.37499999999821,1
164,50.72499999999819,1
165,51.12499999999817,1
166,51.37499999999815,1
167,51.874999999998124,1
168,52.2499999999981,1
169,52.47499999999809,1
170,52.97499999999806,1
171,53.47499999999803,1
172,53.52499999999803,1
173,54.049999999998,1
174,54.17499999999799,1
175,54.44999999999798,1
176,54.94999999999795,1
177,55.12499999999794,1
178,55.64999999999791,1
179,55.94999999999789,1
180,56.17499999999788,1
181,56.32499999999787,1
182,56.89999999999784,1
183,57.04999999999783,1
184,57.09999999999783,1
185,57.5749999999978,1
186,58.14999999999777,1
187,58.29999999999776,1
188,58.524999999997746,1
189,59.2999999999977,1
190,59.3249999999977,1
191,59.64999999999768,1
192,60.39999999999764,1
193,60.44999999999764,1
194,61.1249999999976,1
195,61.27499999999759,1
196,61.59999999999757,1
197,61.77499999999756,1
198,62.599999999997515,1
199,63.54999999999746,1
0,0.15,2
1,1.3749999999999991,2
2,1.7749999999999977,2
3,2.4249999999999954,2
4,2.9749999999999934,2
5,3.4499999999999917,2
6,3.7499999999999907,2
7,3.92499999999999,2
8,4.424999999999995,2
9,4.875000000000002,2
10,5.525000000000011,2
11,5.575000000000012,2
12,6.025000000000018,2
13,6.4000000000000234,2
14,6.775000000000029,2
15,7.025000000000032,2
16,7.325000000000037,2
17,7.475000000000039,2
18,7.825000000000044,2
19,8.125000000000048,2
20,8.375000000000052,2
21,8.450000000000053,2
22,8.95000000000006,2
23,9.275000000000064,2
24,9.300000000000065,2
25,9.950000000000074,2
26,10.175000000000077,2
27,10.725000000000085,2
28,11.000000000000089,2
29,11.375000000000094,2
30,11.400000000000095,2
31,11.7500000000001,2
32,12.250000000000107,2
33,12.425000000000109,2
34,12.52500000000011,2
35,13.050000000000118,2
36,13.275000000000121,2
37,13.625000000000126,2
38,13.675000000000127,2
39,14.250000000000135,2
40,14.425000000000137,2
41,14.55000000000014,2
42,15.025000000000146,2
43,15.27500000000015,2
44,15.450000000000152,2
45,15.95000000000016,2
46,16.075000000000156,2
47,16.15000000000015,2
48,16.87500000000011,2
49,16.925000000000107,2
50,17.500000000000075,2
51,17.500000000000075,2
52,18.075000000000042,2
53,18.10000000000004,2
54,18.225000000000033,2
55,18.849999999999998,2
56,18.874999999999996,2
57,19.424999999999965,2
58,19.599999999999955,2
59,19.87499999999994,2
60,20.299999999999915,2
61,20.449999999999907,2
62,20.5749999999999,2
63,21.049999999999873,2
64,21.24999999999986,2
65,21.82499999999983,2
66,21.849999999999827,2
67,22.249999999999805,2
68,22.374999999999797,2
69,22.899999999999768,2
70,23.149999999999753,2
71,23.324999999999743,2
72,23.874999999999712,2
73,23.89999999999971,2
74,24.049999999999702,2
75,24.574999999999672,2
76,24.62499999999967,2
77,24.94999999999965,2
78,25.224999999999635,2
79,25.64999999999961,2
80,25.8499999999996,2
81,26.04999999999959,2
82,26.074999999999587,2
83,26.74999999999955,2
84,26.92499999999954,2
85,27.149999999999526,2
86,27.474999999999508,2
87,27.524999999999505,2
88,28.199999999999466,2
89,28.32499999999946,2
90,28.449999999999452,2
91,28.874999999999428,2
92,29.3499999999994,2
93,29.499999999999392,2
94,29.89999999999937,2
95,30.124999999999357,2
96,30.44999999999934,2
97,30.849999999999316,2
98,30.999999999999307,2
99,31.62499999999927,2
100,32.02499999999925,2
101,32.19999999999924,2
102,32.77499999999921,2
103,32.9249999999992,2
104,33.049999999999194,2
105,33.07499999999919,2
106,33.77499999999915,2
107,33.82499999999915,2
108,33.87499999999915,2
109,34.39999999999912,2
110,34.52499999999911,2
111,34.624999999999105,2
112,35.19999999999907,2
113,35.44999999999906,2
114,35.57499999999905,2
115,36.24999999999901,2
116,36.499999999999,2
117,36.67499999999899,2
118,37.249999999998956,2
119,37.34999999999895,2
120,37.54999999999894,2
121,38.09999999999891,2
122,38.2749999999989,2
123,38.299999999998896,2
124,38.674999999998875,2
125,39.12499999999885,2
126,39.174999999998846,2
127,39.64999999999882,2
128,39.79999999999881,2
129,40.34999999999878,2
130,40.52499999999877,2
131,40.624999999998764,2
132,41.44999999999872,2
133,41.7249999999987,2
134,41.7499999999987,2
135,41.7499999999987,2
136,42.47499999999866,2
137,42.74999999999864,2
138,42.874999999998636,2
139,43.249999999998614,2
140,43.574999999998596,2
141,43.82499999999858,2
142,44.32499999999855,2
143,44.34999999999855,2
144,44.34999999999855,2
145,45.2999999999985,2
146,45.349999999998495,2
147,45.94999999999846,2
148,46.17499999999845,2
149,46.19999999999845,2
150,46.34999999999844,2
151,46.84999999999841,2
152,46.9749999999984,2
153,47.449999999998376,2
154,47.84999999999835,2
155,47.89999999999835,2
156,48.12499999999834,2
157,48.97499999999829,2
158,49.224999999998275,2
159,49.59999999999825,2
160,49.62499999999825,2
161,50.17499999999822,2
162,50.32499999999821,2
163,50.37499999999821,2
164,51.07499999999817,2
165,51.349999999998154,2
166,51.524999999998144,2
167,51.674999999998136,2
168,52.024999999998116,2
169,52.3249999999981,2
170,52.62499999999808,2
171,53.19999999999805,2
172,53.424999999998036,2
173,53.49999999999803,2
174,54.27499999999799,2
175,54.34999999999798,2
176,54.874999999997954,2
177,54.99999999999795,2
178,55.47499999999792,2
179,55.749999999997904,2
180,55.8249999999979,2
181,56.274999999997874,2
182,56.274999999997874,2
183,57.07499999999783,2
184,57.09999999999783,2
185,57.77499999999779,2
186,57.849999999997785,2
187,58.39999999999775,2
188,58.699999999997736,2
189,59.17499999999771,2
190,59.399999999997696,2
191,59.74999999999768,2
192,60.09999999999766,2
193,60.499999999997634,2
194,60.52499999999763,2
195,61.024999999997604,2
196,61.724999999997564,2
197,62.12499999999754,2
198,62.44999999999752,2
199,62.8999999999975,2
0,1.5999999999999983,3
1,1.7499999999999978,3
2,2.4249999999999954,3
3,2.824999999999994,3
4,3.649999999999991,3
5,3.7749999999999906,3
6,4.374999999999995,3
7,4.9250000000000025,3
8,5.3500000000000085,3
9,5.625000000000012,3
10,5.950000000000017,3
11,6.650000000000027,3
12,6.800000000000029,3
13,6.975000000000032,3
14,7.325000000000037,3
15,7.725000000000042,3
16,7.800000000000043,3
17,8.450000000000053,3
18,8.550000000000054,3
19,8.850000000000058,3
20,9.275000000000064,3
21,9.62500000000007,3
22,9.850000000000072,3
23,10.050000000000075,3
24,10.575000000000083,3
25,10.725000000000085,3
26,10.725000000000085,3
27,11.375000000000094,3
28,11.450000000000095,3
29,11.7500000000001,3
30,12.250000000000107,3
31,12.50000000000011,3
32,12.50000000000011,3
33,13.075000000000118,3
34,13.25000000000012,3
35,13.525000000000125,3
36,13.650000000000126,3
37,14.000000000000131,3
38,14.325000000000136,3
39,14.62500000000014,3
40,14.750000000000142,3
41,15.32500000000015,3
42,15.425000000000152,3
43,15.925000000000159,3
44,16.00000000000016,3
45,16.450000000000134,3
46,16.55000000000013,3
47,17.175000000000093,3
48,17.175000000000093,3
49,17.325000000000085,3
50,18.000000000000046,3
51,18.025000000000045,3
52,18.325000000000028,3
53,18.849999999999998,3
54,19.074999999999985,3
55,19.099999999999984,3
56,19.274999999999974,3
57,19.774999999999945,3
58,19.974999999999934,3
59,20.349999999999913,3
60,20.499999999999904,3
61,20.824999999999886,3
62,21.24999999999986,3
63,21.374999999999854,3
64,21.924999999999823,3
65,22.12499999999981,3
66,22.249999999999805,3
67,22.824999999999772,3
68,23.04999999999976,3
69,23.22499999999975,3
70,23.624999999999726,3
71,24.0999999999997,3
72,24.299999999999688,3
73,24.699999999999665,3
74,24.899999999999654,3
75,25.024999999999647,3
76,25.624999999999613,3
77,25.774999999999604,3
78,25.799999999999603,3
79,26.02499999999959,3
80,26.774999999999547,3
81,26.87499999999954,3
82,27.224999999999522,3
83,27.324999999999516,3
84,27.94999999999948,3
85,28.074999999999473,3
86,28.199999999999466,3
87,28.799999999999432,3
88,28.99999999999942,3
89,28.99999999999942,3
90,29.499999999999392,3
91,29.774999999999377,3
92,29.999999999999364,3
93,30.39999999999934,3
94,30.999999999999307,3
95,31.024999999999306,3
96,31.1499999999993,3
97,31.724999999999266,3
98,31.899999999999256,3
99,32.22499999999924,3
100,32.524999999999224,3
101,32.8999999999992,3
102,32.9499999999992,3
103,33.09999999999919,3
104,33.574999999999164,3
105,33.84999999999915,3
106,34.099999999999135,3
107,34.19999999999913,3
108,34.7499999999991,3
109,34.949999999999086,3
110,35.04999999999908,3
111,35.524999999999054,3
112,35.849999999999035,3
113,36.07499999999902,3
114,36.424999999999,3
115,36.899999999998975,3
116,36.97499999999897,3
117,37.249999999998956,3
118,37.67499999999893,3
119,37.87499999999892,3
120,38.124999999998906,3
121,38.34999999999889,3
122,38.62499999999888,3
123,38.649999999998876,3
124,39.27499999999884,3
125,39.349999999998836,3
126,39.57499999999882,3
127,40.09999999999879,3
128,40.34999999999878,3
129,40.624999999998764,3
130,40.72499999999876,3
131,41.27499999999873,3
132,41.42499999999872,3
133,41.59999999999871,3
134,42.024999999998684,3
135,42.04999999999868,3
136,42.42499999999866,3
137,42.62499999999865,3
138,43.249999999998614,3
139,43.424999999998604,3
140,44.099999999998566,3
141,44.124999999998565,3
142,44.42499999999855,3
143,44.92499999999852,3
144,45.09999999999851,3
145,45.2249999999985,3
146,45.92499999999846,3
147,46.224999999998445,3
148,46.52499999999843,3
149,46.84999999999841,3
150,46.89999999999841,3
151,47.449999999998376,3
152,47.54999999999837,3
153,48.02499999999834,3
154,48.19999999999833,3
155,48.27499999999833,3
156,49.049999999998285,3
157,49.199999999998276,3
158,49.29999999999827,3
159,49.79999999999824,3
160,50.02499999999823,3
161,50.22499999999822,3
162,50.72499999999819,3
163,50.974999999998175,3
164,51.54999999999814,3
165,51.57499999999814,3
166,51.64999999999814,3
167,52.3249999999981,3
168,52.52499999999809,3
169,52.749999999998074,3
170,53.12499999999805,3
171,53.17499999999805,3
172,53.599999999998026,3
173,53.82499999999801,3
174,54.24999999999799,3
175,54.52499999999797,3
176,54.92499999999795,3
177,55.12499999999794,3
178,55.549999999997915,3
179,56.17499999999788,3
180,56.249999999997875,3
181,56.799999999997844,3
182,56.99999999999783,3
183,57.04999999999783,3
184,57.649999999997796,3
185,57.89999999999778,3
186,58.349999999997756,3
187,58.64999999999774,3
188,58.79999999999773,3
189,59.49999999999769,3
190,59.57499999999769,3
191,59.74999999999768,3
192,60.474999999997635,3
193,60.54999999999763,3
194,61.1499999999976,3
195,61.42499999999758,3
196,61.74999999999756,3
197,62.64999999999751,3
198,62.774999999997505,3
199,63.54999999999746,3
0,1.5999999999999983,4
1,2.0999999999999965,4
2,2.574999999999995,4
3,2.5999999999999948,4
4,3.4999999999999916,4
5,3.649999999999991,4
6,4.099999999999991,4
7,4.2249999999999925,4
8,4.725,4
9,4.9250000000000025,4
10,5.325000000000008,4
11,5.575000000000012,4
12,5.850000000000016,4
13,6.1250000000000195,4
14,6.600000000000026,4
15,6.700000000000028,4
16,7.325000000000037,4
17,7.375000000000037,4
18,7.850000000000044,4
19,8.025000000000047,4
20,8.525000000000054,4
21,8.575000000000054,4
22,9.050000000000061,4
23,9.125000000000062,4
24,9.775000000000071,4
25,9.800000000000072,4
26,10.35000000000008,4
27,10.650000000000084,4
28,10.975000000000088,4
29,11.300000000000093,4
30,11.500000000000096,4
31,11.675000000000098,4
32,12.000000000000103,4
33,12.325000000000108,4
34,12.375000000000108,4
35,12.900000000000116,4
36,12.975000000000117,4
37,13.750000000000128,4
38,13.87500000000013,4
39,14.125000000000133,4
40,14.475000000000138,4
41,14.65000000000014,4
42,14.850000000000144,4
43,15.35000000000015,4
44,15.35000000000015,4
45,15.550000000000153,4
46,15.95000000000016,4
47,16.250000000000146,4
48,16.67500000000012,4
49,16.70000000000012,4
50,17.175000000000093,4
51,17.475000000000076,4
52,17.525000000000073,4
53,17.975000000000048,4
54,18.12500000000004,4
55,18.250000000000032,4
56,18.700000000000006,4
57,18.97499999999999,4
58,19.449999999999964,4
59,19.69999999999995,4
60,19.799999999999944,4
61,20.524999999999903,4
62,20.674999999999894,4
63,20.92499999999988,4
64,21.29999999999986,4
65,21.399999999999853,4
66,21.44999999999985,4
67,22.024999999999817,4
68,22.17499999999981,4
69,22.3499999999998,4
70,22.899999999999768,4
71,23.04999999999976,4
72,23.22499999999975,4
73,23.39999999999974,4
74,23.674999999999724,4
75,24.024999999999704,4
76,24.42499999999968,4
77,24.849999999999657,4
78,25.024999999999647,4
79,25.099999999999643,4
80,25.64999999999961,4
81,25.724999999999607,4
82,26.02499999999959,4
83,26.19999999999958,4
84,26.69999999999955,4
85,26.824999999999545,4
86,26.949999999999537,4
87,27.574999999999502,4
88,27.649999999999498,4
89,27.649999999999498,4
90,28.49999999999945,4
91,28.624999999999442,4
92,28.64999999999944,4
93,29.099999999999415,4
94,29.17499999999941,4
95,29.649999999999384,4
96,29.974999999999365,4
97,30.22499999999935,4
98,30.27499999999935,4
99,30.899999999999313,4
100,31.1499999999993,4
101,31.29999999999929,4
102,31.49999999999928,4
103,31.84999999999926,4
104,32.149999999999245,4
105,32.27499999999924,4
106,33.024999999999196,4
107,33.14999999999919,4
108,33.399999999999174,4
109,33.59999999999916,4
110,33.924999999999145,4
111,33.99999999999914,4
112,34.424999999999116,4
113,34.87499999999909,4
114,35.17499999999907,4
115,35.37499999999906,4
116,35.57499999999905,4
117,35.94999999999903,4
118,36.07499999999902,4
119,36.14999999999902,4
120,36.749999999998984,4
121,36.82499999999898,4
122,37.074999999998965,4
123,37.64999999999893,4
124,37.64999999999893,4
125,38.42499999999889,4
126,38.44999999999889,4
127,39.024999999998855,4
128,39.024999999998855,4
129,39.24999999999884,4
130,39.874999999998806,4
131,40.074999999998795,4
132,40.37499999999878,4
133,40.57499999999877,4
134,40.89999999999875,4
135,41.27499999999873,4
136,41.44999999999872,4
137,41.57499999999871,4
138,42.09999999999868,4
139,42.14999999999868,4
140,42.29999999999867,4
141,42.92499999999863,4
142,42.97499999999863,4
143,43.12499999999862,4
144,43.774999999998585,4
145,43.89999999999858,4
146,44.49999999999854,4
147,44.49999999999854,4
148,45.174999999998505,4
149,45.42499999999849,4
150,45.44999999999849,4
151,46.09999999999845,4
152,46.224999999998445,4
153,46.44999999999843,4
154,46.62499999999842,4
155,46.9999999999984,4
156,47.0749999999984,4
157,47.49999999999837,4
158,47.87499999999835,4
159,48.149999999998336,4
160,48.39999999999832,4
161,49.14999999999828,4
162,49.224999999998275,4
163,49.82499999999824,4
164,50.449999999998205,4
165,50.4999999999982,4
166,51.02499999999817,4
167,51.174999999998164,4
168,51.59999999999814,4
169,51.82499999999813,4
170,51.92499999999812,4
171,52.374999999998096,4
172,52.574999999998084,4
173,53.04999999999806,4
174,53.29999999999804,4
175,53.49999999999803,4
176,53.89999999999801,4
177,54.27499999999799,4
178,54.649999999997966,4
179,54.97499999999795,4
180,55.17499999999794,4
181,55.8249999999979,4
182,55.94999999999789,4
183,56.424999999997866,4
184,56.799999999997844,4
185,57.37499999999781,4
186,57.474999999997806,4
187,57.77499999999779,4
188,58.29999999999776,4
189,58.374999999997755,4
190,58.97499999999772,4
191,59.09999999999771,4
192,59.57499999999769,4
193,59.82499999999767,4
194,60.04999999999766,4
195,60.59999999999763,4
196,61.22499999999759,4
197,61.67499999999757,4
198,62.27499999999753,4
199,62.47499999999752,4
0,0.5000000000000001,5
1,1.3749999999999991,5
2,2.0499999999999967,5
3,2.7249999999999943,5
4,3.2249999999999925,5
5,3.349999999999992,5
6,3.7249999999999908,5
7,4.099999999999991,5
8,4.299999999999994,5
9,5.2750000000000075,5
10,5.600000000000012,5
11,6.300000000000022,5
12,6.450000000000024,5
13,6.500000000000025,5
14,7.125000000000034,5
15,7.700000000000042,5
16,7.9500000000000455,5
17,8.450000000000053,5
18,8.650000000000055,5
19,9.075000000000061,5
20,9.175000000000063,5
21,9.425000000000066,5
22,9.875000000000073,5
23,9.975000000000074,5
24,10.100000000000076,5
25,10.550000000000082,5
26,10.900000000000087,5
27,11.05000000000009,5
28,11.525000000000096,5
29,11.8250000000001,5
30,12.100000000000104,5
31,12.275000000000107,5
32,12.350000000000108,5
33,13.000000000000117,5
34,13.100000000000119,5
35,13.125000000000119,5
36,13.775000000000128,5
37,13.85000000000013,5
38,14.450000000000138,5
39,14.475000000000138,5
40,14.825000000000143,5
41,15.125000000000147,5
42,15.475000000000152,5
43,15.625000000000155,5
44,16.125000000000153,5
45,16.20000000000015,5
46,16.800000000000114,5
47,16.975000000000104,5
48,17.22500000000009,5
49,17.75000000000006,5
50,17.77500000000006,5
51,18.10000000000004,5
52,18.500000000000018,5
53,18.700000000000006,5
54,18.97499999999999,5
55,19.474999999999962,5
56,19.799999999999944,5
57,19.924999999999937,5
58,20.42499999999991,5
59,20.5499999999999,5
60,20.624999999999897,5
61,20.649999999999896,5
62,21.399999999999853,5
63,21.62499999999984,5
64,21.674999999999837,5
65,22.3249999999998,5
66,22.624999999999783,5
67,22.67499999999978,5
68,23.04999999999976,5
69,23.449999999999736,5
70,23.54999999999973,5
71,23.74999999999972,5
72,24.174999999999695,5
73,24.324999999999687,5
74,24.44999999999968,5
75,24.97499999999965,5
76,25.074999999999644,5
77,25.224999999999635,5
78,25.799999999999603,5
79,26.124999999999584,5
80,26.599999999999557,5
81,26.674999999999553,5
82,26.92499999999954,5
83,27.374999999999513,5
84,27.499999999999506,5
85,27.77499999999949,5
86,28.199999999999466,5
87,28.49999999999945,5
88,28.724999999999437,5
89,28.949999999999424,5
90,29.674999999999383,5
91,29.674999999999383,5
92,29.674999999999383,5
93,30.474999999999337,5
94,30.524999999999334,5
95,30.874999999999314,5
96,31.374999999999286,5
97,31.399999999999284,5
98,31.699999999999267,5
99,31.99999999999925,5
100,32.24999999999924,5
101,32.849999999999206,5
102,32.874999999999204,5
103,33.14999999999919,5
104,33.52499999999917,5
105,33.84999999999915,5
106,34.39999999999912,5
107,34.424999999999116,5
108,34.54999999999911,5
109,35.09999999999908,5
110,35.324999999999065,5
111,35.699999999999044,5
112,35.849999999999035,5
113,36.24999999999901,5
114,36.399999999999004,5
115,36.449999999999,5
116,37.249999999998956,5
117,37.29999999999895,5
118,37.34999999999895,5
119,38.324999999998894,5
120,38.42499999999889,5
121,38.474999999998886,5
122,39.07499999999885,5
123,39.32499999999884,5
124,39.374999999998835,5
125,39.62499999999882,5
126,40.0249999999988,5
127,40.249999999998785,5
128,40.599999999998765,5
129,40.74999999999876,5
130,41.52499999999871,5
131,41.54999999999871,5
132,41.59999999999871,5
133,42.27499999999867,5
134,42.349999999998666,5
135,42.59999999999865,5
136,42.77499999999864,5
137,43.19999999999862,5
138,43.424999999998604,5
139,43.87499999999858,5
140,44.099999999998566,5
141,44.22499999999856,5
142,44.799999999998526,5
143,44.974999999998516,5
144,45.09999999999851,5
145,45.47499999999849,5
146,45.67499999999848,5
147,46.02499999999846,5
148,46.32499999999844,5
149,46.44999999999843,5
150,46.49999999999843,5
151,47.124999999998394,5
152,47.42499999999838,5
153,47.84999999999835,5
154,48.24999999999833,5
155,48.349999999998325,5
156,48.7999999999983,5
157,49.12499999999828,5
158,49.47499999999826,5
159,49.87499999999824,5
160,50.22499999999822,5
161,50.24999999999822,5
162,50.5249999999982,5
163,50.999999999998174,5
164,51.29999999999816,5
165,51.874999999998124,5
166,51.874999999998124,5
167,51.94999999999812,5
168,52.2749999999981,5
169,52.62499999999808,5
170,53.29999999999804,5
171,53.32499999999804,5
172,53.72499999999802,5
173,54.17499999999799,5
174,54.39999999999798,5
175,54.52499999999797,5
176,55.07499999999794,5
177,55.34999999999793,5
178,55.724999999997905,5
179,55.99999999999789,5
180,56.14999999999788,5
181,56.799999999997844,5
182,56.799999999997844,5
183,56.84999999999784,5
184,57.474999999997806,5
185,57.6249999999978,5
186,57.72499999999779,5
187,58.374999999997755,5
188,58.39999999999775,5
189,58.92499999999772,5
190,59.049999999997716,5
191,59.599999999997685,5
192,59.72499999999768,5
193,60.324999999997644,5
194,60.674999999997624,5
195,60.69999999999762,5
196,61.42499999999758,5
197,62.14999999999754,5
198,62.224999999997536,5
199,62.949999999997495,5
0,1.0500000000000003,6
1,1.2999999999999994,6
2,2.4499999999999953,6
3,2.574999999999995,6
4,2.799999999999994,6
5,3.2249999999999925,6
6,3.649999999999991,6
7,4.099999999999991,6
8,4.75,6
9,4.975000000000003,6
10,5.125000000000005,6
11,5.875000000000016,6
12,6.350000000000023,6
13,6.600000000000026,6
14,6.750000000000028,6
15,6.87500000000003,6
16,7.500000000000039,6
17,7.725000000000042,6
18,8.050000000000047,6
19,8.075000000000047,6
20,8.575000000000054,6
21,8.850000000000058,6
22,9.225000000000064,6
23,9.600000000000069,6
24,9.800000000000072,6
25,10.300000000000079,6
26,10.450000000000081,6
27,10.450000000000081,6
28,10.550000000000082,6
29,11.200000000000092,6
30,11.450000000000095,6
31,11.650000000000098,6
32,11.950000000000102,6
33,12.375000000000108,6
34,12.55000000000011,6
35,12.700000000000113,6
36,13.350000000000122,6
37,13.500000000000124,6
38,13.500000000000124,6
39,14.100000000000133,6
40,14.62500000000014,6
41,14.925000000000145,6
42,14.950000000000145,6
43,15.500000000000153,6
44,15.675000000000155,6
45,15.900000000000158,6
46,16.075000000000156,6
47,16.425000000000136,6
48,16.825000000000113,6
49,16.950000000000106,6
50,17.60000000000007,6
51,17.75000000000006,6
52,17.75000000000006,6
53,18.500000000000018,6
54,18.550000000000015,6
55,18.675000000000008,6
56,19.199999999999978,6
57,19.299999999999972,6
58,19.374999999999968,6
59,20.02499999999993,6
60,20.149999999999924,6
61,20.22499999999992,6
62,20.874999999999883,6
63,20.874999999999883,6
64,21.44999999999985,6
65,21.549999999999844,6
66,21.899999999999824,6
67,22.17499999999981,6
68,22.799999999999773,6
69,22.824999999999772,6
70,22.84999999999977,6
71,23.424999999999738,6
72,23.599999999999728,6
73,23.674999999999724,6
74,24.224999999999692,6
75,24.349999999999685,6
76,24.42499999999968,6
77,25.024999999999647,6
78,25.249999999999634,6
79,25.424999999999624,6
80,25.899999999999597,6
81,25.99999999999959,6
82,26.249999999999577,6
83,26.849999999999543,6
84,26.999999999999535,6
85,27.04999999999953,6
86,27.24999999999952,6
87,27.849999999999486,6
88,27.899999999999483,6
89,28.099999999999472,6
90,28.47499999999945,6
91,28.874999999999428,6
92,28.924999999999425,6
93,29.324999999999402,6
94,29.449999999999395,6
95,29.87499999999937,6
96,30.27499999999935,6
97,30.349999999999344,6
98,30.649999999999327,6
99,30.849999999999316,6
100,31.47499999999928,6
101,31.899999999999256,6
102,32.174999999999244,6
103,32.24999999999924,6
104,32.349999999999234,6
105,32.82499999999921,6
106,33.199999999999186,6
107,33.549999999999166,6
108,33.64999999999916,6
109,33.87499999999915,6
110,34.074999999999136,6
111,34.49999999999911,6
112,34.57499999999911,6
113,35.19999999999907,6
114,35.22499999999907,6
115,35.82499999999904,6
116,35.92499999999903,6
117,36.224999999999014,6
118,36.399999999999004,6
119,36.94999999999897,6
120,37.12499999999896,6
121,37.599999999998936,6
122,37.87499999999892,6
123,38.37499999999889,6
124,38.42499999999889,6
125,38.72499999999887,6
126,39.14999999999885,6
127,39.374999999998835,6
128,39.82499999999881,6
129,39.9999999999988,6
130,40.19999999999879,6
131,40.54999999999877,6
132,40.64999999999876,6
133,40.99999999999874,6
134,41.19999999999873,6
135,41.42499999999872,6
136,41.849999999998694,6
137,41.94999999999869,6
138,42.79999999999864,6
139,42.874999999998636,6
140,43.09999999999862,6
141,43.424999999998604,6
142,43.924999999998576,6
143,44.07499999999857,6
144,44.32499999999855,6
145,44.57499999999854,6
146,44.87499999999852,6
147,45.374999999998494,6
148,45.724999999998474,6
149,45.92499999999846,6
150,46.09999999999845,6
151,46.19999999999845,6
152,46.64999999999842,6
153,46.774999999998414,6
154,47.299999999998384,6
155,47.449999999998376,6
156,47.57499999999837,6
157,47.94999999999835,6
158,48.324999999998326,6
159,48.499999999998316,6
160,48.94999999999829,6
161,49.09999999999828,6
162,49.12499999999828,6
163,49.82499999999824,6
164,49.99999999999823,6
165,50.39999999999821,6
166,50.5249999999982,6
167,50.87499999999818,6
168,51.349999999998154,6
169,51.39999999999815,6
170,51.77499999999813,6
171,52.199999999998106,6
172,52.42499999999809,6
173,52.77499999999807,6
174,53.19999999999805,6
175,53.19999999999805,6
176,53.47499999999803,6
177,53.87499999999801,6
178,54.074999999998,6
179,54.57499999999797,6
180,54.72499999999796,6
181,54.77499999999796,6
182,55.32499999999793,6
183,55.44999999999792,6
184,55.49999999999792,6
185,56.14999999999788,6
186,56.29999999999787,6
187,56.29999999999787,6
188,57.149999999997824,6
189,57.22499999999782,6
190,57.499999999997804,6
191,58.349999999997756,6
192,58.84999999999773,6
193,58.92499999999772,6
194,59.3749999999977,6
195,59.82499999999767,6
196,60.149999999997654,6
197,60.72499999999762,6
198,61.1249999999976,6
199,61.62499999999757,6
0,0.15,7
1,1.4999999999999987,7
2,1.5749999999999984,7
3,2.6249999999999947,7
4,2.6499999999999946,7
5,3.699999999999991,7
6,3.99999999999999,7
7,4.399999999999995,7
8,5.050000000000004,7
9,5.125000000000005,7
10,5.575000000000012,7
11,5.875000000000016,7
12,5.925000000000017,7
13,6.575000000000026,7
14,6.650000000000027,7
15,7.200000000000035,7
16,7.450000000000038,7
17,7.450000000000038,7
18,8.025000000000047,7
19,8.075000000000047,7
20,8.650000000000055,7
21,9.00000000000006,7
22,9.300000000000065,7
23,9.350000000000065,7
24,9.875000000000073,7
25,10.150000000000077,7
26,10.35000000000008,7
27,10.625000000000083,7
28,10.750000000000085,7
29,11.175000000000091,7
30,11.375000000000094,7
31,11.900000000000102,7
32,11.975000000000103,7
33,12.175000000000106,7
34,12.600000000000112,7
35,12.675000000000113,7
36,13.025000000000118,7
37,13.300000000000122,7
38,13.575000000000125,7
39,13.775000000000128,7
40,14.200000000000134,7
41,14.400000000000137,7
42,14.675000000000141,7
43,15.150000000000148,7
44,15.32500000000015,7
45,15.550000000000153,7
46,15.775000000000157,7
47,16.250000000000146,7
48,16.50000000000013,7
49,16.55000000000013,7
50,17.0500000000001,7
51,17.25000000000009,7
52,17.475000000000076,7
53,17.75000000000006,7
54,18.075000000000042,7
55,18.350000000000026,7
56,18.500000000000018,7
57,18.725000000000005,7
58,19.274999999999974,7
59,19.549999999999958,7
60,19.649999999999952,7
61,20.299999999999915,7
62,20.449999999999907,7
63,20.5499999999999,7
64,20.624999999999897,7
65,21.524999999999846,7
66,21.749999999999833,7
67,21.749999999999833,7
68,22.14999999999981,7
69,22.474999999999792,7
70,22.52499999999979,7
71,23.149999999999753,7
72,23.449999999999736,7
73,23.54999999999973,7
74,23.599999999999728,7
75,24.324999999999687,7
76,24.499999999999677,7
77,24.524999999999675,7
78,24.899999999999654,7
79,25.449999999999623,7
80,25.624999999999613,7
81,26.19999999999958,7
82,26.274999999999576,7
83,26.624999999999556,7
84,26.649999999999554,7
85,26.824999999999545,7
86,27.374999999999513,7
87,27.849999999999486,7
88,28.099999999999472,7
89,28.349999999999458,7
90,28.64999999999944,7
91,29.02499999999942,7
92,29.274999999999405,7
93,29.574999999999388,7
94,30.04999999999936,7
95,30.07499999999936,7
96,30.199999999999353,7
97,30.824999999999317,7
98,30.824999999999317,7
99,30.94999999999931,7
100,31.374999999999286,7
101,31.699999999999267,7
102,31.699999999999267,7
103,32.29999999999924,7
104,32.29999999999924,7
105,32.74999999999921,7
106,32.9999999999992,7
107,33.549999999999166,7
108,33.574999999999164,7
109,33.64999999999916,7
110,34.52499999999911,7
111,34.599999999999106,7
112,34.89999999999909,7
113,35.149999999999075,7
114,35.22499999999907,7
115,36.199999999999015,7
116,36.224999999999014,7
117,36.224999999999014,7
118,36.32499999999901,7
119,36.899999999998975,7
120,37.34999999999895,7
121,37.52499999999894,7
122,37.799999999998924,7
123,38.34999999999889,7
124,38.474999999998886,7
125,38.59999999999888,7
126,39.24999999999884,7
127,39.29999999999884,7
128,39.44999999999883,7
129,40.074999999998795,7
130,40.249999999998785,7
131,40.27499999999878,7
132,40.89999999999875,7
133,41.02499999999874,7
134,41.37499999999872,7
135,41.59999999999871,7
136,41.849999999998694,7
137,42.174999999998676,7
138,42.67499999999865,7
139,42.724999999998644,7
140,43.17499999999862,7
141,43.67499999999859,7
142,43.84999999999858,7
143,44.22499999999856,7
144,44.299999999998555,7
145,44.59999999999854,7
146,45.12499999999851,7
147,45.2499999999985,7
148,45.77499999999847,7
149,46.074999999998454,7
150,46.399999999998435,7
151,46.62499999999842,7
152,46.749999999998415,7
153,47.39999999999838,7
154,47.42499999999838,7
155,47.57499999999837,7
156,48.19999999999833,7
157,48.324999999998326,7
158,48.64999999999831,7
159,48.92499999999829,7
160,49.34999999999827,7
161,49.374999999998266,7
162,50.14999999999822,7
163,50.32499999999821,7
164,50.94999999999818,7
165,50.999999999998174,7
166,51.09999999999817,7
167,51.674999999998136,7
168,51.74999999999813,7
169,51.74999999999813,7
170,52.44999999999809,7
171,52.52499999999809,7
172,52.574999999998084,7
173,53.249999999998046,7
174,53.39999999999804,7
175,53.52499999999803,7
176,54.024999999998,7
177,54.124999999997996,7
178,54.499999999997975,7
179,55.09999999999794,7
180,55.12499999999794,7
181,55.27499999999793,7
182,55.724999999997905,7
183,56.12499999999788,7
184,56.17499999999788,7
185,56.799999999997844,7
186,57.19999999999782,7
187,57.824999999997786,7
188,57.824999999997786,7
189,58.49999999999775,7
190,58.549999999997745,7
191,59.17499999999771,7
192,59.17499999999771,7
193,59.424999999997695,7
194,59.84999999999767,7
195,60.27499999999765,7
196,60.89999999999761,7
197,61.24999999999759,7
198,61.79999999999756,7
199,62.17499999999754,7
0,1.5749999999999984,8
1,2.4249999999999954,8
2,3.349999999999992,8
3,3.8499999999999903,8
4,3.92499999999999,8
5,4.825000000000001,8
6,5.025000000000004,8
7,5.100000000000005,8
8,5.7000000000000135,8
9,5.825000000000015,8
10,6.0500000000000185,8
11,6.600000000000026,8
12,7.100000000000033,8
13,7.325000000000037,8
14,7.650000000000041,8
15,7.850000000000044,8
16,8.100000000000048,8
17,8.625000000000055,8
18,8.800000000000058,8
19,8.92500000000006,8
20,9.425000000000066,8
21,9.450000000000067,8
22,10.025000000000075,8
23,10.175000000000077,8
24,10.42500000000008,8
25,10.900000000000087,8
26,11.02500000000009,8
27,11.500000000000096,8
28,11.650000000000098,8
29,11.7250000000001,8
30,12.275000000000107,8
31,12.45000000000011,8
32,12.47500000000011,8
33,13.050000000000118,8
34,13.15000000000012,8
35,13.350000000000122,8
36,13.825000000000129,8
37,13.95000000000013,8
38,14.375000000000137,8
39,14.450000000000138,8
40,14.850000000000144,8
41,15.25000000000015,8
42,15.27500000000015,8
43,16.02500000000016,8
44,16.050000000000157,8
45,16.075000000000156,8
46,16.17500000000015,8
47,16.925000000000107,8
48,17.000000000000103,8
49,17.150000000000095,8
50,17.75000000000006,8
51,17.850000000000055,8
52,18.500000000000018,8
53,18.550000000000015,8
54,18.600000000000012,8
55,19.224999999999977,8
56,19.274999999999974,8
57,19.399999999999967,8
58,19.474999999999962,8
59,20.274999999999917,8
60,20.324999999999914,8
61,20.449999999999907,8
62,20.974999999999877,8
63,21.24999999999986,8
64,21.324999999999857,8
65,21.64999999999984,8
66,21.94999999999982,8
67,22.074999999999815,8
68,22.574999999999786,8
69,22.67499999999978,8
70,23.099999999999756,8
71,23.474999999999735,8
72,23.57499999999973,8
73,23.599999999999728,8
74,24.349999999999685,8
75,24.62499999999967,8
76,24.77499999999966,8
77,25.074999999999644,8
78,25.399999999999626,8
79,25.799999999999603,8
80,25.974999999999593,8
81,26.37499999999957,8
82,26.37499999999957,8
83,26.824999999999545,8
84,27.09999999999953,8
85,27.574999999999502,8
86,27.874999999999485,8
87,28.174999999999468,8
88,28.224999999999465,8
89,28.449999999999452,8
90,29.19999999999941,8
91,29.299999999999404,8
92,29.624999999999385,8
93,29.824999999999374,8
94,30.324999999999346,8
95,30.42499999999934,8
96,30.42499999999934,8
97,31.224999999999294,8
98,31.32499999999929,8
99,31.399999999999284,8
100,32.149999999999245,8
101,32.24999999999924,8
102,32.42499999999923,8
103,32.849999999999206,8
104,32.9249999999992,8
105,32.9249999999992,8
106,33.32499999999918,8
107,33.64999999999916,8
108,34.249999999999126,8
109,34.249999999999126,8
110,34.99999999999908,8
111,34.99999999999908,8
112,35.22499999999907,8
113,35.72499999999904,8
114,35.92499999999903,8
115,36.224999999999014,8
116,36.67499999999899,8
117,36.724999999998985,8
118,37.12499999999896,8
119,37.52499999999894,8
120,37.774999999998926,8
121,37.84999999999892,8
122,38.2249999999989,8
123,38.474999999998886,8
124,38.59999999999888,8
125,39.29999999999884,8
126,39.349999999998836,8
127,39.349999999998836,8
128,39.57499999999882,8
129,40.32499999999878,8
130,40.37499999999878,8
131,40.52499999999877,8
132,41.124999999998735,8
133,41.324999999998724,8
134,41.59999999999871,8
135,42.024999999998684,8
136,42.12499999999868,8
137,42.24999999999867,8
138,42.44999999999866,8
139,42.874999999998636,8
140,43.249999999998614,8
141,43.599999999998595,8
142,43.67499999999859,8
143,44.14999999999856,8
144,44.34999999999855,8
145,45.02499999999851,8
146,45.02499999999851,8
147,45.12499999999851,8
148,45.77499999999847,8
149,45.79999999999847,8
150,46.14999999999845,8
151,46.54999999999843,8
152,46.67499999999842,8
153,47.0249999999984,8
154,47.17499999999839,8
155,47.49999999999837,8
156,47.999999999998344,8
157,48.39999999999832,8
158,48.64999999999831,8
159,48.99999999999829,8
160,49.09999999999828,8
161,49.49999999999826,8
162,49.84999999999824,8
163,49.97499999999823,8
164,50.274999999998215,8
165,50.5499999999982,8
166,51.04999999999817,8
167,51.24999999999816,8
168,51.82499999999813,8
169,52.09999999999811,8
170,52.3499999999981,8
171,52.899999999998066,8
172,53.12499999999805,8
173,53.39999999999804,8
174,53.999999999998,8
175,54.074999999998,8
176,54.149999999997995,8
177,54.674999999997965,8
178,54.94999999999795,8
179,55.374999999997925,8
180,55.574999999997914,8
181,55.62499999999791,8
182,56.37499999999787,8
183,56.424999999997866,8
184,57.09999999999783,8
185,57.24999999999782,8
186,57.74999999999779,8
187,57.97499999999778,8
188,58.04999999999777,8
189,58.699999999997736,8
190,58.79999999999773,8
191,59.47499999999769,8
192,59.67499999999768,8
193,59.84999999999767,8
194,60.27499999999765,8
195,60.649999999997625,8
196,61.0999999999976,8
197,61.99999999999755,8
198,62.12499999999754,8
199,62.774999999997505,8
0,1.1999999999999997,9
1,1.8499999999999974,9
2,2.474999999999995,9
3,3.0249999999999932,9
4,3.074999999999993,9
5,3.2749999999999924,9
6,4.249999999999993,9
7,4.549999999999997,9
8,4.725,9
9,4.9250000000000025,9
10,5.125000000000005,9
11,5.650000000000013,9
12,6.025000000000018,9
13,6.425000000000024,9
14,6.425000000000024,9
15,7.150000000000034,9
16,7.650000000000041,9
17,8.050000000000047,9
18,8.100000000000048,9
19,8.675000000000056,9
20,9.02500000000006,9
21,9.125000000000062,9
22,9.150000000000063,9
23,9.800000000000072,9
24,10.32500000000008,9
25,10.37500000000008,9
26,10.525000000000082,9
27,11.300000000000093,9
28,11.350000000000094,9
29,11.375000000000094,9
30,12.175000000000106,9
31,12.175000000000106,9
32,12.575000000000111,9
33,12.700000000000113,9
34,12.825000000000115,9
35,13.475000000000124,9
36,13.550000000000125,9
37,13.650000000000126,9
38,14.325000000000136,9
39,14.350000000000136,9
40,14.500000000000139,9
41,14.925000000000145,9
42,15.200000000000149,9
43,15.25000000000015,9
44,15.650000000000155,9
45,15.900000000000158,9
46,16.075000000000156,9
47,16.575000000000127,9
48,16.67500000000012,9
49,16.67500000000012,9
50,17.450000000000077,9
51,17.475000000000076,9
52,17.60000000000007,9
53,18.30000000000003,9
54,18.375000000000025,9
55,18.99999999999999,9
56,19.199999999999978,9
57,19.274999999999974,9
58,19.69999999999995,9
59,19.899999999999938,9
60,20.174999999999923,9
61,20.299999999999915,9
62,20.89999999999988,9
63,20.92499999999988,9
64,21.024999999999874,9
65,21.849999999999827,9
66,21.94999999999982,9
67,22.3249999999998,9
68,22.3249999999998,9
69,22.649999999999782,9
70,23.074999999999758,9
71,23.699999999999722,9
72,23.72499999999972,9
73,23.974999999999707,9
74,24.124999999999698,9
75,24.524999999999675,9
76,24.674999999999667,9
77,24.924999999999653,9
78,25.424999999999624,9
79,25.549999999999617,9
80,25.924999999999596,9
81,26.299999999999574,9
82,26.39999999999957,9
83,26.774999999999547,9
84,27.224999999999522,9
85,27.44999999999951,9
86,27.849999999999486,9
87,28.049999999999475,9
88,28.724999999999437,9
89,28.774999999999434,9
90,28.99999999999942,9
91,29.449999999999395,9
92,29.474999999999394,9
93,29.474999999999394,9
94,30.24999999999935,9
95,30.27499999999935,9
96,30.39999999999934,9
97,31.1499999999993,9
98,31.199999999999296,9
99,31.224999999999294,9
100,31.549999999999276,9
101,32.27499999999924,9
102,32.39999999999923,9
103,32.42499999999923,9
104,32.874999999999204,9
105,33.049999999999194,9
106,33.32499999999918,9
107,33.374999999999176,9
108,34.074999999999136,9
109,34.074999999999136,9
110,34.249999999999126,9
111,34.82499999999909,9
112,34.92499999999909,9
113,34.92499999999909,9
114,35.79999999999904,9
115,35.82499999999904,9
116,36.424999999999,9
117,36.574999999998994,9
118,36.84999999999898,9
119,37.12499999999896,9
120,37.82499999999892,9
121,37.82499999999892,9
122,38.2499999999989,9
123,38.649999999998876,9
124,38.72499999999887,9
125,39.07499999999885,9
126,39.07499999999885,9
127,39.699999999998816,9
128,39.9499999999988,9
129,40.19999999999879,9
130,40.64999999999876,9
131,40.84999999999875,9
132,40.99999999999874,9
133,41.04999999999874,9
134,41.674999999998704,9
135,41.89999999999869,9
136,42.199999999998674,9
137,42.64999999999865,9
138,42.699999999998646,9
139,43.32499999999861,9
140,43.5249999999986,9
141,43.62499999999859,9
142,44.274999999998556,9
143,44.37499999999855,9
144,44.67499999999853,9
145,44.999999999998515,9
146,45.02499999999851,9
147,45.349999999998495,9
148,45.699999999998475,9
149,46.14999999999845,9
150,46.32499999999844,9
151,46.84999999999841,9
152,47.099999999998396,9
153,47.37499999999838,9
154,47.449999999998376,9
155,47.77499999999836,9
156,48.149999999998336,9
157,48.24999999999833,9
158,48.59999999999831,9
159,49.09999999999828,9
160,49.67499999999825,9
161,49.82499999999824,9
162,50.299999999998214,9
163,50.4999999999982,9
164,50.824999999998184,9
165,51.24999999999816,9
166,51.349999999998154,9
167,51.77499999999813,9
168,52.12499999999811,9
169,52.62499999999808,9
170,53.099999999998055,9
171,53.424999999998036,9
172,53.49999999999803,9
173,53.64999999999802,9
174,54.124999999997996,9
175,54.324999999997985,9
176,54.77499999999796,9
177,55.199999999997935,9
178,55.399999999997924,9
179,55.724999999997905,9
180,56.074999999997885,9
181,56.19999999999788,9
182,56.74999999999785,9
183,56.84999999999784,9
184,56.99999999999783,9
185,57.649999999997796,9
186,57.824999999997786,9
187,58.174999999997766,9
188,58.374999999997755,9
189,58.899999999997725,9
190,59.14999999999771,9
191,59.599999999997685,9
192,60.124999999997655,9
193,60.19999999999765,9
194,60.649999999997625,9
195,60.92499999999761,9
196,61.42499999999758,9
197,61.47499999999758,9
198,61.899999999997554,9
199,62.749999999997506,9
